sample_index,time_s,voltage_v,raw_digitizing_level
3750,-1.451999999999999e-07,0.074,37
3751,-1.4479999999999987e-07,0.074,37
3752,-1.4439999999999984e-07,0.074,37
3753,-1.439999999999998e-07,0.076,38
3754,-1.4359999999999978e-07,0.076,38
3755,-1.4319999999999996e-07,0.074,37
3756,-1.4279999999999993e-07,0.074,37
3757,-1.423999999999999e-07,0.076,38
3758,-1.4199999999999987e-07,0.07200000000000001,36
3759,-1.4159999999999984e-07,0.074,37
3760,-1.411999999999998e-07,0.07200000000000001,36
3761,-1.4079999999999978e-07,0.074,37
3762,-1.4039999999999996e-07,0.076,38
3763,-1.3999999999999993e-07,0.074,37
3764,-1.395999999999999e-07,0.074,37
3765,-1.3919999999999987e-07,0.074,37
3766,-1.3879999999999984e-07,0.074,37
3767,-1.383999999999998e-07,0.074,37
3768,-1.3799999999999978e-07,0.074,37
3769,-1.3759999999999996e-07,0.074,37
3770,-1.3719999999999993e-07,0.076,38
3771,-1.367999999999999e-07,0.076,38
3772,-1.3639999999999987e-07,0.074,37
3773,-1.3599999999999984e-07,0.074,37
3774,-1.355999999999998e-07,0.076,38
3775,-1.3519999999999978e-07,0.074,37
3776,-1.3479999999999996e-07,0.074,37
3777,-1.3439999999999993e-07,0.076,38
3778,-1.339999999999999e-07,0.076,38
3779,-1.3359999999999987e-07,0.076,38
3780,-1.3319999999999984e-07,0.078,39
3781,-1.327999999999998e-07,0.074,37
3782,-1.3239999999999978e-07,0.076,38
3783,-1.3199999999999996e-07,0.076,38
3784,-1.3159999999999993e-07,0.078,39
3785,-1.311999999999999e-07,0.074,37
3786,-1.3079999999999987e-07,0.074,37
3787,-1.3039999999999984e-07,0.076,38
3788,-1.2999999999999981e-07,0.076,38
3789,-1.2959999999999978e-07,0.076,38
3790,-1.2919999999999997e-07,0.076,38
3791,-1.2879999999999994e-07,0.074,37
3792,-1.283999999999999e-07,0.076,38
3793,-1.2799999999999988e-07,0.076,38
3794,-1.2759999999999985e-07,0.076,38
3795,-1.2719999999999982e-07,0.074,37
3796,-1.2679999999999979e-07,0.076,38
3797,-1.2639999999999997e-07,0.076,38
3798,-1.2599999999999994e-07,0.07200000000000001,36
3799,-1.255999999999999e-07,0.074,37
3800,-1.2519999999999988e-07,0.076,38
3801,-1.2479999999999985e-07,0.074,37
3802,-1.2439999999999982e-07,0.074,37
3803,-1.239999999999998e-07,0.074,37
3804,-1.2359999999999997e-07,0.074,37
3805,-1.2319999999999994e-07,0.074,37
3806,-1.227999999999999e-07,0.076,38
3807,-1.2239999999999988e-07,0.076,38
3808,-1.2199999999999985e-07,0.076,38
3809,-1.2159999999999982e-07,0.076,38
3810,-1.211999999999998e-07,0.074,37
3811,-1.2079999999999997e-07,0.074,37
3812,-1.2039999999999994e-07,0.076,38
3813,-1.199999999999999e-07,0.076,38
3814,-1.1959999999999988e-07,0.074,37
3815,-1.1919999999999985e-07,0.076,38
3816,-1.1879999999999982e-07,0.074,37
3817,-1.1839999999999979e-07,0.076,38
3818,-1.1799999999999997e-07,0.074,37
3819,-1.1759999999999994e-07,0.074,37
3820,-1.1719999999999991e-07,0.076,38
3821,-1.1679999999999988e-07,0.076,38
3822,-1.1639999999999985e-07,0.076,38
3823,-1.1599999999999982e-07,0.074,37
3824,-1.1559999999999979e-07,0.074,37
3825,-1.1519999999999997e-07,0.074,37
3826,-1.1479999999999994e-07,0.074,37
3827,-1.1439999999999991e-07,0.074,37
3828,-1.1399999999999988e-07,0.076,38
3829,-1.1359999999999985e-07,0.074,37
3830,-1.1319999999999982e-07,0.076,38
3831,-1.1279999999999979e-07,0.074,37
3832,-1.1239999999999997e-07,0.074,37
3833,-1.1199999999999994e-07,0.074,37
3834,-1.1159999999999991e-07,0.074,37
3835,-1.1119999999999988e-07,0.076,38
3836,-1.1079999999999985e-07,0.074,37
3837,-1.1039999999999982e-07,0.074,37
3838,-1.099999999999998e-07,0.074,37
3839,-1.0959999999999998e-07,0.074,37
3840,-1.0919999999999995e-07,0.076,38
3841,-1.0879999999999992e-07,0.074,37
3842,-1.0839999999999989e-07,0.074,37
3843,-1.0799999999999986e-07,0.076,38
3844,-1.0759999999999983e-07,0.076,38
3845,-1.071999999999998e-07,0.078,39
3846,-1.0679999999999998e-07,0.074,37
3847,-1.0639999999999995e-07,0.076,38
3848,-1.0599999999999992e-07,0.074,37
3849,-1.0559999999999989e-07,0.076,38
3850,-1.0519999999999986e-07,0.076,38
3851,-1.0479999999999983e-07,0.074,37
3852,-1.043999999999998e-07,0.074,37
3853,-1.0399999999999998e-07,0.074,37
3854,-1.0359999999999995e-07,0.074,37
3855,-1.0319999999999992e-07,0.074,37
3856,-1.0279999999999989e-07,0.076,38
3857,-1.0239999999999986e-07,0.074,37
3858,-1.0199999999999983e-07,0.076,38
3859,-1.015999999999998e-07,0.074,37
3860,-1.0119999999999998e-07,0.074,37
3861,-1.0079999999999995e-07,0.074,37
3862,-1.0039999999999992e-07,0.074,37
3863,-9.999999999999989e-08,0.074,37
3864,-9.959999999999986e-08,0.076,38
3865,-9.919999999999983e-08,0.074,37
3866,-9.87999999999998e-08,0.074,37
3867,-9.839999999999998e-08,0.076,38
3868,-9.799999999999995e-08,0.076,38
3869,-9.759999999999992e-08,0.074,37
3870,-9.719999999999989e-08,0.076,38
3871,-9.679999999999986e-08,0.076,38
3872,-9.639999999999983e-08,0.076,38
3873,-9.59999999999998e-08,0.076,38
3874,-9.559999999999998e-08,0.074,37
3875,-9.519999999999995e-08,0.074,37
3876,-9.479999999999992e-08,0.076,38
3877,-9.439999999999989e-08,0.076,38
3878,-9.399999999999986e-08,0.074,37
3879,-9.359999999999983e-08,0.074,37
3880,-9.31999999999998e-08,0.076,38
3881,-9.279999999999998e-08,0.074,37
3882,-9.239999999999995e-08,0.074,37
3883,-9.199999999999992e-08,0.074,37
3884,-9.15999999999999e-08,0.076,38
3885,-9.119999999999986e-08,0.076,38
3886,-9.079999999999983e-08,0.076,38
3887,-9.03999999999998e-08,0.076,38
3888,-8.999999999999977e-08,0.076,38
3889,-8.959999999999996e-08,0.076,38
3890,-8.919999999999993e-08,0.076,38
3891,-8.87999999999999e-08,0.074,37
3892,-8.839999999999987e-08,0.074,37
3893,-8.799999999999984e-08,0.074,37
3894,-8.75999999999998e-08,0.074,37
3895,-8.719999999999977e-08,0.074,37
3896,-8.679999999999996e-08,0.076,38
3897,-8.639999999999993e-08,0.074,37
3898,-8.59999999999999e-08,0.074,37
3899,-8.559999999999987e-08,0.074,37
3900,-8.519999999999984e-08,0.076,38
3901,-8.47999999999998e-08,0.074,37
3902,-8.439999999999978e-08,0.078,39
3903,-8.399999999999996e-08,0.07200000000000001,36
3904,-8.359999999999993e-08,0.074,37
3905,-8.31999999999999e-08,0.076,38
3906,-8.279999999999987e-08,0.076,38
3907,-8.239999999999984e-08,0.074,37
3908,-8.199999999999981e-08,0.074,37
3909,-8.159999999999978e-08,0.076,38
3910,-8.119999999999996e-08,0.074,37
3911,-8.079999999999993e-08,0.074,37
3912,-8.03999999999999e-08,0.074,37
3913,-7.999999999999987e-08,0.074,37
3914,-7.959999999999984e-08,0.076,38
3915,-7.919999999999981e-08,0.074,37
3916,-7.879999999999978e-08,0.076,38
3917,-7.839999999999996e-08,0.076,38
3918,-7.799999999999993e-08,0.074,37
3919,-7.75999999999999e-08,0.076,38
3920,-7.719999999999987e-08,0.074,37
3921,-7.679999999999984e-08,0.074,37
3922,-7.639999999999981e-08,0.07200000000000001,36
3923,-7.599999999999978e-08,0.07200000000000001,36
3924,-7.559999999999996e-08,0.076,38
3925,-7.519999999999993e-08,0.076,38
3926,-7.47999999999999e-08,0.074,37
3927,-7.439999999999987e-08,0.074,37
3928,-7.399999999999984e-08,0.074,37
3929,-7.359999999999981e-08,0.076,38
3930,-7.319999999999978e-08,0.074,37
3931,-7.279999999999996e-08,0.074,37
3932,-7.239999999999993e-08,0.074,37
3933,-7.19999999999999e-08,0.076,38
3934,-7.159999999999987e-08,0.074,37
3935,-7.119999999999984e-08,0.074,37
3936,-7.079999999999981e-08,0.076,38
3937,-7.039999999999978e-08,0.074,37
3938,-6.999999999999997e-08,0.074,37
3939,-6.959999999999994e-08,0.074,37
3940,-6.91999999999999e-08,0.074,37
3941,-6.879999999999987e-08,0.074,37
3942,-6.839999999999984e-08,0.074,37
3943,-6.799999999999981e-08,0.074,37
3944,-6.759999999999978e-08,0.074,37
3945,-6.719999999999997e-08,0.074,37
3946,-6.679999999999994e-08,0.074,37
3947,-6.63999999999999e-08,0.076,38
3948,-6.599999999999988e-08,0.074,37
3949,-6.559999999999985e-08,0.074,37
3950,-6.519999999999982e-08,0.074,37
3951,-6.479999999999979e-08,0.074,37
3952,-6.439999999999997e-08,0.076,38
3953,-6.399999999999994e-08,0.074,37
3954,-6.359999999999991e-08,0.074,37
3955,-6.319999999999988e-08,0.074,37
3956,-6.279999999999985e-08,0.074,37
3957,-6.239999999999982e-08,0.076,38
3958,-6.199999999999979e-08,0.076,38
3959,-6.159999999999997e-08,0.076,38
3960,-6.119999999999994e-08,0.074,37
3961,-6.079999999999991e-08,0.074,37
3962,-6.039999999999988e-08,0.074,37
3963,-5.999999999999985e-08,0.074,37
3964,-5.959999999999982e-08,0.074,37
3965,-5.919999999999979e-08,0.07200000000000001,36
3966,-5.879999999999997e-08,0.074,37
3967,-5.839999999999994e-08,0.076,38
3968,-5.799999999999991e-08,0.076,38
3969,-5.759999999999988e-08,0.076,38
3970,-5.719999999999985e-08,0.076,38
3971,-5.679999999999982e-08,0.074,37
3972,-5.639999999999979e-08,0.074,37
3973,-5.599999999999997e-08,0.074,37
3974,-5.559999999999994e-08,0.074,37
3975,-5.519999999999991e-08,0.076,38
3976,-5.479999999999988e-08,0.074,37
3977,-5.439999999999985e-08,0.078,39
3978,-5.399999999999982e-08,0.074,37
3979,-5.359999999999979e-08,0.076,38
3980,-5.3199999999999973e-08,0.074,37
3981,-5.2799999999999943e-08,0.07200000000000001,36
3982,-5.2399999999999913e-08,0.074,37
3983,-5.199999999999988e-08,0.074,37
3984,-5.159999999999985e-08,0.076,38
3985,-5.119999999999982e-08,0.074,37
3986,-5.079999999999979e-08,0.074,37
3987,-5.0399999999999975e-08,0.074,37
3988,-4.9999999999999945e-08,0.074,37
3989,-4.9599999999999915e-08,0.076,38
3990,-4.9199999999999885e-08,0.074,37
3991,-4.8799999999999855e-08,0.076,38
3992,-4.8399999999999825e-08,0.076,38
3993,-4.7999999999999795e-08,0.074,37
3994,-4.7599999999999976e-08,0.074,37
3995,-4.7199999999999946e-08,0.074,37
3996,-4.6799999999999916e-08,0.074,37
3997,-4.6399999999999886e-08,0.076,38
3998,-4.5999999999999856e-08,0.074,37
3999,-4.5599999999999826e-08,0.076,38
4000,-4.5199999999999796e-08,0.076,38
4001,-4.479999999999998e-08,0.074,37
4002,-4.439999999999995e-08,0.076,38
4003,-4.399999999999992e-08,0.074,37
4004,-4.359999999999989e-08,0.076,38
4005,-4.319999999999986e-08,0.074,37
4006,-4.279999999999983e-08,0.076,38
4007,-4.23999999999998e-08,0.074,37
4008,-4.199999999999998e-08,0.074,37
4009,-4.159999999999995e-08,0.074,37
4010,-4.119999999999992e-08,0.074,37
4011,-4.079999999999989e-08,0.074,37
4012,-4.039999999999986e-08,0.074,37
4013,-3.999999999999983e-08,0.076,38
4014,-3.95999999999998e-08,0.076,38
4015,-3.919999999999998e-08,0.074,37
4016,-3.879999999999995e-08,0.074,37
4017,-3.839999999999992e-08,0.074,37
4018,-3.799999999999989e-08,0.074,37
4019,-3.759999999999986e-08,0.076,38
4020,-3.719999999999983e-08,0.07200000000000001,36
4021,-3.67999999999998e-08,0.074,37
4022,-3.639999999999998e-08,0.074,37
4023,-3.599999999999995e-08,0.074,37
4024,-3.559999999999992e-08,0.07200000000000001,36
4025,-3.519999999999989e-08,0.076,38
4026,-3.479999999999986e-08,0.074,37
4027,-3.439999999999983e-08,0.074,37
4028,-3.39999999999998e-08,0.074,37
4029,-3.359999999999977e-08,0.074,37
4030,-3.319999999999995e-08,0.074,37
4031,-3.279999999999992e-08,0.074,37
4032,-3.239999999999989e-08,0.076,38
4033,-3.199999999999986e-08,0.074,37
4034,-3.159999999999983e-08,0.074,37
4035,-3.11999999999998e-08,0.074,37
4036,-3.079999999999977e-08,0.076,38
4037,-3.0399999999999955e-08,0.074,37
4038,-2.9999999999999925e-08,0.074,37
4039,-2.9599999999999894e-08,0.076,38
4040,-2.9199999999999864e-08,0.074,37
4041,-2.8799999999999834e-08,0.074,37
4042,-2.8399999999999804e-08,0.074,37
4043,-2.7999999999999774e-08,0.07200000000000001,36
4044,-2.7599999999999956e-08,0.076,38
4045,-2.7199999999999926e-08,0.076,38
4046,-2.6799999999999896e-08,0.074,37
4047,-2.6399999999999866e-08,0.076,38
4048,-2.5999999999999836e-08,0.074,37
4049,-2.5599999999999806e-08,0.074,37
4050,-2.5199999999999776e-08,0.074,37
4051,-2.4799999999999957e-08,0.074,37
4052,-2.4399999999999927e-08,0.074,37
4053,-2.3999999999999897e-08,0.074,37
4054,-2.3599999999999867e-08,0.076,38
4055,-2.3199999999999837e-08,0.074,37
4056,-2.2799999999999807e-08,0.074,37
4057,-2.2399999999999777e-08,0.07200000000000001,36
4058,-2.199999999999996e-08,0.074,37
4059,-2.159999999999993e-08,0.074,37
4060,-2.11999999999999e-08,0.074,37
4061,-2.079999999999987e-08,0.074,37
4062,-2.039999999999984e-08,0.074,37
4063,-1.999999999999981e-08,0.074,37
4064,-1.959999999999978e-08,0.074,37
4065,-1.919999999999996e-08,0.076,38
4066,-1.879999999999993e-08,0.074,37
4067,-1.83999999999999e-08,0.074,37
4068,-1.799999999999987e-08,0.076,38
4069,-1.759999999999984e-08,0.076,38
4070,-1.719999999999981e-08,0.076,38
4071,-1.679999999999978e-08,0.074,37
4072,-1.639999999999996e-08,0.076,38
4073,-1.599999999999993e-08,0.074,37
4074,-1.55999999999999e-08,0.076,38
4075,-1.519999999999987e-08,0.07200000000000001,36
4076,-1.4799999999999841e-08,0.074,37
4077,-1.4399999999999811e-08,0.074,37
4078,-1.3999999999999781e-08,0.074,37
4079,-1.3599999999999963e-08,0.074,37
4080,-1.3199999999999933e-08,0.074,37
4081,-1.2799999999999903e-08,0.076,38
4082,-1.2399999999999873e-08,0.076,38
4083,-1.1999999999999843e-08,0.074,37
4084,-1.1599999999999813e-08,0.074,37
4085,-1.1199999999999783e-08,0.074,37
4086,-1.0799999999999964e-08,0.076,38
4087,-1.0399999999999934e-08,0.074,37
4088,-9.999999999999904e-09,0.076,38
4089,-9.599999999999874e-09,0.076,38
4090,-9.199999999999844e-09,0.076,38
4091,-8.799999999999814e-09,0.076,38
4092,-8.399999999999784e-09,0.074,37
4093,-7.999999999999966e-09,0.074,37
4094,-7.599999999999936e-09,0.074,37
4095,-7.199999999999906e-09,0.074,37
4096,-6.799999999999876e-09,0.074,37
4097,-6.3999999999998456e-09,0.074,37
4098,-5.9999999999998155e-09,0.074,37
4099,-5.5999999999997854e-09,0.074,37
4100,-5.199999999999967e-09,0.076,38
4101,-4.799999999999937e-09,0.074,37
4102,-4.399999999999907e-09,0.074,37
4103,-3.999999999999877e-09,0.074,37
4104,-3.599999999999847e-09,0.07200000000000001,36
4105,-3.199999999999817e-09,0.07,35
4106,-2.799999999999787e-09,0.07,35
4107,-2.3999999999999686e-09,0.064,32
4108,-1.9999999999999385e-09,0.064,32
4109,-1.5999999999999084e-09,0.064,32
4110,-1.1999999999998784e-09,0.062,31
4111,-7.999999999998483e-10,0.058,29
4112,-3.999999999998183e-10,0.058,29
4113,2.117582368135751e-22,0.056,28
4114,4.0000000000003005e-10,0.052000000000000005,26
4115,8.000000000000601e-10,0.052000000000000005,26
4116,1.2000000000000902e-09,0.052000000000000005,26
4117,1.6000000000001202e-09,0.052000000000000005,26
4118,2.0000000000001503e-09,0.052000000000000005,26
4119,2.4000000000001803e-09,0.052000000000000005,26
4120,2.8000000000002104e-09,0.054,27
4121,3.2000000000000287e-09,0.052000000000000005,26
4122,3.6000000000000587e-09,0.052000000000000005,26
4123,4.000000000000089e-09,0.054,27
4124,4.400000000000119e-09,0.054,27
4125,4.800000000000149e-09,0.052000000000000005,26
4126,5.200000000000179e-09,0.054,27
4127,5.600000000000209e-09,0.054,27
4128,6.000000000000027e-09,0.056,28
4129,6.400000000000057e-09,0.06,30
4130,6.800000000000087e-09,0.06,30
4131,7.200000000000117e-09,0.062,31
4132,7.600000000000147e-09,0.062,31
4133,8.000000000000178e-09,0.064,32
4134,8.400000000000208e-09,0.064,32
4135,8.800000000000026e-09,0.066,33
4136,9.200000000000056e-09,0.066,33
4137,9.600000000000086e-09,0.068,34
4138,1.0000000000000116e-08,0.068,34
4139,1.0400000000000146e-08,0.07,35
4140,1.0800000000000176e-08,0.07,35
4141,1.1200000000000206e-08,0.07200000000000001,36
4142,1.1600000000000024e-08,0.07200000000000001,36
4143,1.2000000000000055e-08,0.07200000000000001,36
4144,1.2400000000000085e-08,0.074,37
4145,1.2800000000000115e-08,0.07200000000000001,36
4146,1.3200000000000145e-08,0.074,37
4147,1.3600000000000175e-08,0.074,37
4148,1.4000000000000205e-08,0.078,39
4149,1.4400000000000023e-08,0.076,38
4150,1.4800000000000053e-08,0.076,38
4151,1.5200000000000083e-08,0.078,39
4152,1.5600000000000113e-08,0.076,38
4153,1.6000000000000143e-08,0.074,37
4154,1.6400000000000173e-08,0.076,38
4155,1.6800000000000203e-08,0.078,39
4156,1.7200000000000022e-08,0.074,37
4157,1.7600000000000052e-08,0.074,37
4158,1.8000000000000082e-08,0.074,37
4159,1.8400000000000112e-08,0.074,37
4160,1.8800000000000142e-08,0.074,37
4161,1.9200000000000172e-08,0.078,39
4162,1.9600000000000202e-08,0.074,37
4163,2.000000000000002e-08,0.078,39
4164,2.040000000000005e-08,0.076,38
4165,2.080000000000008e-08,0.074,37
4166,2.120000000000011e-08,0.076,38
4167,2.160000000000014e-08,0.074,37
4168,2.200000000000017e-08,0.074,37
4169,2.24000000000002e-08,0.076,38
4170,2.280000000000023e-08,0.076,38
4171,2.320000000000005e-08,0.076,38
4172,2.360000000000008e-08,0.074,37
4173,2.400000000000011e-08,0.074,37
4174,2.440000000000014e-08,0.074,37
4175,2.480000000000017e-08,0.076,38
4176,2.52000000000002e-08,0.078,39
4177,2.560000000000023e-08,0.076,38
4178,2.6000000000000048e-08,0.074,37
4179,2.6400000000000078e-08,0.074,37
4180,2.6800000000000108e-08,0.076,38
4181,2.7200000000000138e-08,0.078,39
4182,2.7600000000000168e-08,0.076,38
4183,2.8000000000000198e-08,0.078,39
4184,2.8400000000000228e-08,0.076,38
4185,2.8800000000000046e-08,0.078,39
4186,2.9200000000000076e-08,0.078,39
4187,2.9600000000000106e-08,0.076,38
4188,3.0000000000000136e-08,0.078,39
4189,3.0400000000000166e-08,0.076,38
4190,3.0800000000000196e-08,0.076,38
4191,3.1200000000000226e-08,0.078,39
4192,3.1600000000000045e-08,0.078,39
4193,3.2000000000000075e-08,0.076,38
4194,3.2400000000000105e-08,0.076,38
4195,3.2800000000000135e-08,0.076,38
4196,3.3200000000000165e-08,0.076,38
4197,3.3600000000000195e-08,0.076,38
4198,3.4000000000000225e-08,0.074,37
4199,3.4400000000000043e-08,0.074,37
4200,3.4800000000000073e-08,0.076,38
4201,3.5200000000000103e-08,0.074,37
4202,3.5600000000000133e-08,0.076,38
4203,3.6000000000000164e-08,0.074,37
4204,3.6400000000000194e-08,0.074,37
4205,3.6800000000000224e-08,0.074,37
4206,3.720000000000004e-08,0.074,37
4207,3.760000000000007e-08,0.074,37
4208,3.80000000000001e-08,0.074,37
4209,3.840000000000013e-08,0.074,37
4210,3.880000000000016e-08,0.074,37
4211,3.920000000000019e-08,0.074,37
4212,3.960000000000022e-08,0.074,37
4213,4.000000000000004e-08,0.074,37
4214,4.040000000000007e-08,0.074,37
4215,4.08000000000001e-08,0.07200000000000001,36
4216,4.120000000000013e-08,0.074,37
4217,4.160000000000016e-08,0.074,37
4218,4.200000000000019e-08,0.074,37
4219,4.240000000000022e-08,0.074,37
4220,4.280000000000004e-08,0.07200000000000001,36
4221,4.320000000000007e-08,0.074,37
4222,4.36000000000001e-08,0.074,37
4223,4.400000000000013e-08,0.074,37
4224,4.440000000000016e-08,0.074,37
4225,4.480000000000019e-08,0.074,37
4226,4.520000000000022e-08,0.074,37
4227,4.560000000000004e-08,0.074,37
4228,4.600000000000007e-08,0.074,37
4229,4.64000000000001e-08,0.074,37
4230,4.680000000000013e-08,0.074,37
4231,4.720000000000016e-08,0.074,37
4232,4.760000000000019e-08,0.074,37
4233,4.800000000000022e-08,0.074,37
4234,4.8400000000000036e-08,0.074,37
4235,4.8800000000000066e-08,0.076,38
4236,4.9200000000000096e-08,0.074,37
4237,4.9600000000000127e-08,0.074,37
4238,5.0000000000000157e-08,0.076,38
4239,5.0400000000000187e-08,0.078,39
4240,5.0800000000000217e-08,0.074,37
4241,5.1200000000000035e-08,0.076,38
4242,5.1600000000000065e-08,0.074,37
4243,5.2000000000000095e-08,0.074,37
4244,5.2400000000000125e-08,0.076,38
4245,5.2800000000000155e-08,0.076,38
4246,5.3200000000000185e-08,0.078,39
4247,5.3600000000000215e-08,0.076,38
4248,5.4000000000000034e-08,0.076,38
4249,5.4400000000000064e-08,0.078,39
4250,5.4800000000000094e-08,0.076,38
4251,5.5200000000000124e-08,0.076,38
4252,5.5600000000000154e-08,0.078,39
4253,5.6000000000000184e-08,0.076,38
4254,5.6400000000000214e-08,0.078,39
4255,5.680000000000003e-08,0.076,38
4256,5.720000000000006e-08,0.076,38
4257,5.760000000000009e-08,0.078,39
4258,5.800000000000012e-08,0.074,37
4259,5.840000000000015e-08,0.076,38
4260,5.880000000000018e-08,0.076,38
4261,5.920000000000021e-08,0.076,38
4262,5.960000000000003e-08,0.076,38
4263,6.000000000000006e-08,0.074,37
4264,6.040000000000009e-08,0.076,38
4265,6.080000000000012e-08,0.076,38
4266,6.120000000000015e-08,0.078,39
4267,6.160000000000018e-08,0.076,38
4268,6.200000000000021e-08,0.076,38
4269,6.240000000000003e-08,0.074,37
4270,6.280000000000006e-08,0.076,38
4271,6.320000000000009e-08,0.076,38
4272,6.360000000000012e-08,0.076,38
4273,6.400000000000015e-08,0.076,38
4274,6.440000000000018e-08,0.076,38
4275,6.480000000000021e-08,0.074,37
4276,6.520000000000003e-08,0.074,37
4277,6.560000000000006e-08,0.074,37
4278,6.600000000000009e-08,0.074,37
4279,6.640000000000012e-08,0.074,37
4280,6.680000000000015e-08,0.074,37
4281,6.720000000000018e-08,0.074,37
4282,6.760000000000021e-08,0.074,37
4283,6.800000000000003e-08,0.074,37
4284,6.840000000000006e-08,0.074,37
4285,6.880000000000009e-08,0.074,37
4286,6.920000000000012e-08,0.07200000000000001,36
4287,6.960000000000015e-08,0.074,37
4288,7.000000000000018e-08,0.07200000000000001,36
4289,7.040000000000021e-08,0.074,37
4290,7.080000000000003e-08,0.07200000000000001,36
4291,7.120000000000006e-08,0.074,37
4292,7.160000000000009e-08,0.07200000000000001,36
4293,7.200000000000012e-08,0.07200000000000001,36
4294,7.240000000000015e-08,0.074,37
4295,7.280000000000018e-08,0.076,38
4296,7.32000000000002e-08,0.074,37
4297,7.360000000000002e-08,0.076,38
4298,7.400000000000005e-08,0.07200000000000001,36
4299,7.440000000000008e-08,0.074,37
4300,7.480000000000011e-08,0.07200000000000001,36
4301,7.520000000000014e-08,0.074,37
4302,7.560000000000017e-08,0.076,38
4303,7.60000000000002e-08,0.074,37
4304,7.640000000000002e-08,0.07200000000000001,36
4305,7.680000000000005e-08,0.074,37
4306,7.720000000000008e-08,0.074,37
4307,7.760000000000011e-08,0.076,38
4308,7.800000000000014e-08,0.074,37
4309,7.840000000000017e-08,0.074,37
4310,7.88000000000002e-08,0.076,38
4311,7.920000000000023e-08,0.074,37
4312,7.960000000000005e-08,0.076,38
4313,8.000000000000008e-08,0.076,38
4314,8.040000000000011e-08,0.074,37
4315,8.080000000000014e-08,0.074,37
4316,8.120000000000017e-08,0.078,39
4317,8.16000000000002e-08,0.078,39
4318,8.200000000000023e-08,0.076,38
4319,8.240000000000005e-08,0.076,38
4320,8.280000000000008e-08,0.074,37
4321,8.320000000000011e-08,0.076,38
4322,8.360000000000014e-08,0.076,38
4323,8.400000000000017e-08,0.076,38
4324,8.44000000000002e-08,0.076,38
4325,8.480000000000023e-08,0.074,37
4326,8.520000000000005e-08,0.076,38
4327,8.560000000000008e-08,0.078,39
4328,8.600000000000011e-08,0.078,39
4329,8.640000000000014e-08,0.076,38
4330,8.680000000000017e-08,0.076,38
4331,8.72000000000002e-08,0.078,39
4332,8.760000000000023e-08,0.074,37
4333,8.800000000000005e-08,0.076,38
4334,8.840000000000008e-08,0.078,39
4335,8.880000000000011e-08,0.076,38
4336,8.920000000000014e-08,0.076,38
4337,8.960000000000017e-08,0.076,38
4338,9.00000000000002e-08,0.078,39
4339,9.040000000000023e-08,0.076,38
4340,9.080000000000005e-08,0.076,38
4341,9.120000000000008e-08,0.074,37
4342,9.16000000000001e-08,0.076,38
4343,9.200000000000014e-08,0.074,37
4344,9.240000000000017e-08,0.076,38
4345,9.28000000000002e-08,0.076,38
4346,9.320000000000023e-08,0.074,37
4347,9.360000000000004e-08,0.076,38
4348,9.400000000000007e-08,0.074,37
4349,9.44000000000001e-08,0.074,37
4350,9.480000000000013e-08,0.07200000000000001,36
4351,9.520000000000016e-08,0.076,38
4352,9.56000000000002e-08,0.074,37
4353,9.600000000000022e-08,0.074,37
4354,9.640000000000004e-08,0.074,37
4355,9.680000000000007e-08,0.07200000000000001,36
4356,9.72000000000001e-08,0.07200000000000001,36
4357,9.760000000000013e-08,0.074,37
4358,9.800000000000016e-08,0.076,38
4359,9.840000000000019e-08,0.074,37
4360,9.880000000000022e-08,0.074,37
4361,9.920000000000004e-08,0.074,37
4362,9.960000000000007e-08,0.074,37
4363,1.000000000000001e-07,0.076,38
4364,1.0040000000000013e-07,0.07200000000000001,36
4365,1.0080000000000016e-07,0.074,37
4366,1.0120000000000019e-07,0.074,37
4367,1.0160000000000022e-07,0.07200000000000001,36
4368,1.0200000000000004e-07,0.074,37
4369,1.0240000000000007e-07,0.074,37
4370,1.028000000000001e-07,0.074,37
4371,1.0320000000000013e-07,0.074,37
4372,1.0360000000000016e-07,0.074,37
4373,1.0400000000000019e-07,0.07200000000000001,36
4374,1.0440000000000022e-07,0.074,37
4375,1.0480000000000004e-07,0.074,37
4376,1.0520000000000007e-07,0.076,38
4377,1.056000000000001e-07,0.074,37
4378,1.0600000000000013e-07,0.07200000000000001,36
4379,1.0640000000000016e-07,0.074,37
4380,1.0680000000000019e-07,0.074,37
4381,1.0720000000000022e-07,0.074,37
4382,1.0760000000000004e-07,0.074,37
4383,1.0800000000000007e-07,0.076,38
4384,1.084000000000001e-07,0.076,38
4385,1.0880000000000013e-07,0.078,39
4386,1.0920000000000016e-07,0.078,39
4387,1.0960000000000019e-07,0.076,38
4388,1.1000000000000022e-07,0.074,37
4389,1.1040000000000004e-07,0.076,38
4390,1.1080000000000007e-07,0.078,39
4391,1.112000000000001e-07,0.076,38
4392,1.1160000000000013e-07,0.076,38
4393,1.1200000000000016e-07,0.074,37
4394,1.1240000000000019e-07,0.074,37
4395,1.1280000000000022e-07,0.076,38
4396,1.1320000000000003e-07,0.076,38
4397,1.1360000000000006e-07,0.078,39
4398,1.140000000000001e-07,0.078,39
4399,1.1440000000000012e-07,0.076,38
4400,1.1480000000000015e-07,0.074,37
4401,1.1520000000000018e-07,0.076,38
4402,1.1560000000000021e-07,0.076,38
4403,1.1600000000000003e-07,0.076,38
4404,1.1640000000000006e-07,0.074,37
4405,1.1680000000000009e-07,0.076,38
4406,1.1720000000000012e-07,0.078,39
4407,1.1760000000000015e-07,0.074,37
4408,1.1800000000000018e-07,0.076,38
4409,1.1840000000000021e-07,0.074,37
4410,1.1880000000000003e-07,0.074,37
4411,1.1920000000000006e-07,0.074,37
4412,1.196000000000001e-07,0.074,37
4413,1.2000000000000012e-07,0.076,38
4414,1.2040000000000015e-07,0.074,37
4415,1.2080000000000018e-07,0.074,37
4416,1.212000000000002e-07,0.074,37
4417,1.2160000000000003e-07,0.074,37
4418,1.2200000000000006e-07,0.076,38
4419,1.224000000000001e-07,0.074,37
4420,1.2280000000000012e-07,0.074,37
4421,1.2320000000000015e-07,0.076,38
4422,1.2360000000000018e-07,0.074,37
4423,1.240000000000002e-07,0.074,37
4424,1.2440000000000003e-07,0.076,38
4425,1.2480000000000006e-07,0.076,38
4426,1.252000000000001e-07,0.074,37
4427,1.2560000000000012e-07,0.074,37
4428,1.2600000000000015e-07,0.074,37
4429,1.2640000000000018e-07,0.074,37
4430,1.268000000000002e-07,0.074,37
4431,1.2720000000000003e-07,0.07200000000000001,36
4432,1.2760000000000006e-07,0.07200000000000001,36
4433,1.280000000000001e-07,0.074,37
4434,1.2840000000000012e-07,0.074,37
4435,1.2880000000000015e-07,0.074,37
4436,1.2920000000000018e-07,0.074,37
4437,1.296000000000002e-07,0.074,37
4438,1.3000000000000003e-07,0.074,37
4439,1.3040000000000006e-07,0.074,37
4440,1.3080000000000009e-07,0.074,37
4441,1.3120000000000012e-07,0.074,37
4442,1.3160000000000015e-07,0.074,37
4443,1.3200000000000018e-07,0.07200000000000001,36
4444,1.324000000000002e-07,0.076,38
4445,1.3280000000000002e-07,0.074,37
4446,1.3320000000000005e-07,0.074,37
4447,1.3360000000000008e-07,0.074,37
4448,1.3400000000000011e-07,0.076,38
4449,1.3440000000000014e-07,0.074,37
4450,1.3480000000000017e-07,0.076,38
4451,1.352000000000002e-07,0.074,37
4452,1.3560000000000023e-07,0.076,38
4453,1.3600000000000005e-07,0.074,37
4454,1.3640000000000008e-07,0.076,38
4455,1.3680000000000011e-07,0.076,38
4456,1.3720000000000014e-07,0.078,39
4457,1.3760000000000017e-07,0.076,38
4458,1.380000000000002e-07,0.074,37
4459,1.3840000000000023e-07,0.074,37
4460,1.3880000000000005e-07,0.074,37
4461,1.3920000000000008e-07,0.074,37
4462,1.396000000000001e-07,0.076,38
4463,1.4000000000000014e-07,0.074,37
4464,1.4040000000000017e-07,0.076,38
4465,1.408000000000002e-07,0.074,37
4466,1.4120000000000023e-07,0.076,38
4467,1.4160000000000005e-07,0.074,37
4468,1.4200000000000008e-07,0.076,38
4469,1.424000000000001e-07,0.076,38
4470,1.4280000000000014e-07,0.076,38
4471,1.4320000000000017e-07,0.076,38
4472,1.436000000000002e-07,0.076,38
4473,1.4400000000000023e-07,0.074,37
4474,1.4440000000000005e-07,0.076,38
4475,1.4480000000000008e-07,0.076,38
4476,1.452000000000001e-07,0.074,37
4477,1.4560000000000014e-07,0.076,38
4478,1.4600000000000017e-07,0.076,38
4479,1.464000000000002e-07,0.076,38
4480,1.4680000000000023e-07,0.076,38
4481,1.4720000000000005e-07,0.074,37
4482,1.4760000000000008e-07,0.074,37
4483,1.480000000000001e-07,0.074,37
4484,1.4840000000000014e-07,0.074,37
4485,1.4880000000000017e-07,0.074,37
4486,1.492000000000002e-07,0.076,38
4487,1.4960000000000023e-07,0.074,37
4488,1.5000000000000005e-07,0.074,37
4489,1.5040000000000008e-07,0.074,37
4490,1.508000000000001e-07,0.076,38
4491,1.5120000000000014e-07,0.076,38
4492,1.5160000000000017e-07,0.074,37
4493,1.520000000000002e-07,0.076,38
4494,1.5240000000000023e-07,0.076,38
4495,1.5280000000000004e-07,0.074,37
4496,1.5320000000000007e-07,0.074,37
4497,1.536000000000001e-07,0.076,38
4498,1.5400000000000013e-07,0.074,37
4499,1.5440000000000016e-07,0.074,37
4500,1.548000000000002e-07,0.074,37
4501,1.5520000000000023e-07,0.074,37
4502,1.5560000000000004e-07,0.074,37
4503,1.5600000000000007e-07,0.074,37
4504,1.564000000000001e-07,0.074,37
4505,1.5680000000000013e-07,0.074,37
4506,1.5720000000000016e-07,0.074,37
4507,1.576000000000002e-07,0.076,38
4508,1.5800000000000022e-07,0.074,37
4509,1.5840000000000004e-07,0.076,38
4510,1.5880000000000007e-07,0.074,37
4511,1.592000000000001e-07,0.074,37
4512,1.5960000000000013e-07,0.074,37
4513,1.6000000000000016e-07,0.074,37
4514,1.604000000000002e-07,0.074,37
4515,1.6080000000000022e-07,0.076,38
4516,1.6120000000000004e-07,0.076,38
4517,1.6160000000000007e-07,0.074,37
4518,1.620000000000001e-07,0.074,37
4519,1.6240000000000013e-07,0.076,38
4520,1.6280000000000016e-07,0.074,37
4521,1.632000000000002e-07,0.074,37
4522,1.6360000000000022e-07,0.074,37
4523,1.6400000000000004e-07,0.076,38
4524,1.6440000000000007e-07,0.074,37
4525,1.648000000000001e-07,0.074,37
4526,1.6520000000000013e-07,0.074,37
4527,1.6560000000000016e-07,0.076,38
4528,1.660000000000002e-07,0.074,37
4529,1.6640000000000022e-07,0.074,37
4530,1.6680000000000004e-07,0.076,38
4531,1.6720000000000007e-07,0.076,38
4532,1.676000000000001e-07,0.074,37
4533,1.6800000000000013e-07,0.076,38
4534,1.6840000000000016e-07,0.076,38
4535,1.688000000000002e-07,0.076,38
4536,1.6920000000000022e-07,0.076,38
4537,1.6960000000000004e-07,0.076,38
4538,1.7000000000000007e-07,0.074,37
4539,1.704000000000001e-07,0.074,37
4540,1.7080000000000013e-07,0.076,38
4541,1.7120000000000016e-07,0.074,37
4542,1.7160000000000019e-07,0.074,37
4543,1.7200000000000022e-07,0.076,38
4544,1.7240000000000003e-07,0.074,37
4545,1.7280000000000007e-07,0.074,37
4546,1.732000000000001e-07,0.074,37
4547,1.7360000000000013e-07,0.076,38
4548,1.7400000000000016e-07,0.076,38
4549,1.7440000000000019e-07,0.074,37
4550,1.7480000000000022e-07,0.076,38
4551,1.7520000000000003e-07,0.074,37
4552,1.7560000000000006e-07,0.074,37
4553,1.760000000000001e-07,0.076,38
4554,1.7640000000000012e-07,0.074,37
4555,1.7680000000000015e-07,0.074,37
4556,1.7720000000000018e-07,0.076,38
4557,1.7760000000000021e-07,0.074,37
4558,1.7800000000000003e-07,0.074,37
4559,1.7840000000000006e-07,0.074,37
4560,1.788000000000001e-07,0.074,37
4561,1.7920000000000012e-07,0.074,37
4562,1.7960000000000015e-07,0.074,37
4563,1.8000000000000018e-07,0.074,37
4564,1.804000000000002e-07,0.074,37
4565,1.8080000000000003e-07,0.074,37
4566,1.8120000000000006e-07,0.074,37
4567,1.816000000000001e-07,0.076,38
4568,1.8200000000000012e-07,0.076,38
4569,1.8240000000000015e-07,0.074,37
4570,1.8280000000000018e-07,0.074,37
4571,1.832000000000002e-07,0.074,37
4572,1.8360000000000003e-07,0.074,37
4573,1.8400000000000006e-07,0.074,37
4574,1.844000000000001e-07,0.074,37
4575,1.8480000000000012e-07,0.076,38
4576,1.8520000000000015e-07,0.074,37
4577,1.8560000000000018e-07,0.076,38
4578,1.860000000000002e-07,0.07200000000000001,36
4579,1.8640000000000003e-07,0.074,37
4580,1.8680000000000006e-07,0.074,37
4581,1.872000000000001e-07,0.074,37
4582,1.8760000000000012e-07,0.074,37
4583,1.8800000000000015e-07,0.074,37
4584,1.8840000000000018e-07,0.074,37
4585,1.888000000000002e-07,0.074,37
4586,1.8920000000000003e-07,0.074,37
4587,1.8960000000000006e-07,0.074,37
4588,1.9000000000000009e-07,0.074,37
4589,1.9040000000000012e-07,0.074,37
4590,1.9080000000000015e-07,0.074,37
4591,1.9120000000000018e-07,0.074,37
4592,1.916000000000002e-07,0.074,37
4593,1.9200000000000024e-07,0.076,38
4594,1.9240000000000006e-07,0.074,37
4595,1.9280000000000009e-07,0.076,38
4596,1.9320000000000012e-07,0.074,37
4597,1.9360000000000015e-07,0.07200000000000001,36
4598,1.9400000000000018e-07,0.074,37
4599,1.944000000000002e-07,0.074,37
4600,1.9480000000000024e-07,0.074,37
4601,1.9520000000000005e-07,0.074,37
4602,1.9560000000000008e-07,0.074,37
4603,1.9600000000000011e-07,0.074,37
4604,1.9640000000000014e-07,0.07200000000000001,36
4605,1.9680000000000017e-07,0.076,38
4606,1.972000000000002e-07,0.074,37
4607,1.9760000000000023e-07,0.074,37
4608,1.9800000000000005e-07,0.078,39
4609,1.9840000000000008e-07,0.076,38
4610,1.988000000000001e-07,0.076,38
4611,1.9920000000000014e-07,0.076,38
4612,1.9960000000000017e-07,0.074,37
4613,2.000000000000002e-07,0.076,38
4614,2.0040000000000023e-07,0.074,37
4615,2.0080000000000005e-07,0.078,39
4616,2.0120000000000008e-07,0.076,38
4617,2.016000000000001e-07,0.076,38
4618,2.0200000000000014e-07,0.076,38
4619,2.0240000000000017e-07,0.074,37
4620,2.028000000000002e-07,0.074,37
4621,2.0320000000000023e-07,0.07200000000000001,36
4622,2.0360000000000005e-07,0.07200000000000001,36
4623,2.0400000000000008e-07,0.074,37
4624,2.044000000000001e-07,0.074,37
4625,2.0480000000000014e-07,0.074,37
4626,2.0520000000000017e-07,0.076,38
4627,2.056000000000002e-07,0.074,37
4628,2.0600000000000023e-07,0.074,37
4629,2.0640000000000005e-07,0.074,37
4630,2.0680000000000008e-07,0.074,37
4631,2.072000000000001e-07,0.076,38
4632,2.0760000000000014e-07,0.074,37
4633,2.0800000000000017e-07,0.074,37
4634,2.084000000000002e-07,0.074,37
4635,2.0880000000000023e-07,0.074,37
4636,2.0920000000000005e-07,0.074,37
4637,2.0960000000000008e-07,0.076,38
4638,2.100000000000001e-07,0.074,37
4639,2.1040000000000014e-07,0.074,37
4640,2.1080000000000017e-07,0.074,37
4641,2.112000000000002e-07,0.074,37
4642,2.1160000000000023e-07,0.07200000000000001,36
4643,2.1200000000000005e-07,0.074,37
4644,2.1240000000000008e-07,0.074,37
4645,2.128000000000001e-07,0.074,37
4646,2.1320000000000014e-07,0.074,37
4647,2.1360000000000017e-07,0.074,37
4648,2.140000000000002e-07,0.074,37
4649,2.1440000000000023e-07,0.074,37
4650,2.1480000000000004e-07,0.076,38
4651,2.1520000000000007e-07,0.074,37
4652,2.156000000000001e-07,0.074,37
4653,2.1600000000000013e-07,0.074,37
4654,2.1640000000000016e-07,0.076,38
4655,2.168000000000002e-07,0.076,38
4656,2.1720000000000022e-07,0.074,37
4657,2.1760000000000004e-07,0.076,38
4658,2.1800000000000007e-07,0.076,38
4659,2.184000000000001e-07,0.076,38
4660,2.1880000000000013e-07,0.074,37
4661,2.1920000000000016e-07,0.076,38
4662,2.196000000000002e-07,0.074,37
4663,2.2000000000000022e-07,0.074,37
4664,2.2040000000000004e-07,0.076,38
4665,2.2080000000000007e-07,0.076,38
4666,2.212000000000001e-07,0.076,38
4667,2.2160000000000013e-07,0.074,37
4668,2.2200000000000016e-07,0.074,37
4669,2.224000000000002e-07,0.076,38
4670,2.2280000000000022e-07,0.074,37
4671,2.2320000000000004e-07,0.076,38
4672,2.2360000000000007e-07,0.074,37
4673,2.240000000000001e-07,0.074,37
4674,2.2440000000000013e-07,0.074,37
4675,2.2480000000000016e-07,0.074,37
4676,2.252000000000002e-07,0.074,37
4677,2.2560000000000022e-07,0.074,37
4678,2.2600000000000004e-07,0.076,38
4679,2.2640000000000007e-07,0.074,37
4680,2.268000000000001e-07,0.076,38
4681,2.2720000000000013e-07,0.076,38
4682,2.2760000000000016e-07,0.076,38
4683,2.280000000000002e-07,0.074,37
4684,2.2840000000000022e-07,0.076,38
4685,2.2880000000000004e-07,0.074,37
4686,2.2920000000000007e-07,0.076,38
4687,2.296000000000001e-07,0.074,37
4688,2.3000000000000013e-07,0.076,38
4689,2.3040000000000016e-07,0.076,38
4690,2.308000000000002e-07,0.074,37
4691,2.3120000000000022e-07,0.076,38
4692,2.3160000000000004e-07,0.076,38
4693,2.3200000000000007e-07,0.074,37
4694,2.324000000000001e-07,0.074,37
4695,2.3280000000000013e-07,0.074,37
4696,2.3320000000000016e-07,0.076,38
4697,2.3360000000000019e-07,0.074,37
4698,2.3400000000000022e-07,0.076,38
4699,2.3440000000000003e-07,0.074,37
4700,2.3480000000000006e-07,0.074,37
4701,2.352000000000001e-07,0.074,37
4702,2.3560000000000012e-07,0.074,37
4703,2.3600000000000015e-07,0.076,38
4704,2.3640000000000018e-07,0.076,38
4705,2.3680000000000021e-07,0.076,38
4706,2.3720000000000003e-07,0.074,37
4707,2.3760000000000006e-07,0.074,37
4708,2.380000000000001e-07,0.074,37
4709,2.3840000000000012e-07,0.076,38
4710,2.3880000000000015e-07,0.076,38
4711,2.392000000000002e-07,0.076,38
4712,2.396000000000002e-07,0.074,37
4713,2.4000000000000003e-07,0.07200000000000001,36
4714,2.4040000000000006e-07,0.074,37
4715,2.408000000000001e-07,0.074,37
4716,2.412000000000001e-07,0.076,38
4717,2.4160000000000015e-07,0.076,38
4718,2.420000000000002e-07,0.074,37
4719,2.424000000000002e-07,0.074,37
4720,2.4280000000000003e-07,0.074,37
4721,2.4320000000000006e-07,0.074,37
4722,2.436000000000001e-07,0.074,37
4723,2.440000000000001e-07,0.074,37
4724,2.4440000000000015e-07,0.076,38
4725,2.448000000000002e-07,0.076,38
4726,2.452000000000002e-07,0.076,38
4727,2.4560000000000003e-07,0.074,37
4728,2.4600000000000006e-07,0.076,38
4729,2.464000000000001e-07,0.076,38
4730,2.468000000000001e-07,0.07200000000000001,36
4731,2.4720000000000015e-07,0.076,38
4732,2.476000000000002e-07,0.076,38
4733,2.480000000000002e-07,0.07200000000000001,36
4734,2.4840000000000024e-07,0.074,37
4735,2.4880000000000006e-07,0.076,38
4736,2.492000000000001e-07,0.074,37
4737,2.496000000000001e-07,0.074,37
4738,2.5000000000000015e-07,0.074,37
4739,2.504000000000002e-07,0.074,37
4740,2.508000000000002e-07,0.074,37
4741,2.5120000000000024e-07,0.074,37
4742,2.5160000000000006e-07,0.074,37
4743,2.520000000000001e-07,0.076,38
4744,2.524000000000001e-07,0.076,38
4745,2.5280000000000015e-07,0.076,38
4746,2.532000000000002e-07,0.074,37
4747,2.536000000000002e-07,0.074,37
4748,2.5400000000000024e-07,0.074,37
4749,2.5440000000000005e-07,0.074,37
4750,2.548000000000001e-07,0.074,37
4751,2.552000000000001e-07,0.076,38
4752,2.5560000000000014e-07,0.076,38
4753,2.560000000000002e-07,0.074,37
4754,2.564000000000002e-07,0.074,37
4755,2.5680000000000023e-07,0.07200000000000001,36
4756,2.5720000000000005e-07,0.074,37
4757,2.576000000000001e-07,0.074,37
4758,2.580000000000001e-07,0.074,37
4759,2.5840000000000014e-07,0.076,38
4760,2.5880000000000017e-07,0.074,37
4761,2.592000000000002e-07,0.076,38
4762,2.5960000000000023e-07,0.074,37
4763,2.6000000000000005e-07,0.074,37
4764,2.604000000000001e-07,0.076,38
4765,2.608000000000001e-07,0.074,37
4766,2.6120000000000014e-07,0.074,37
4767,2.6160000000000017e-07,0.074,37
4768,2.620000000000002e-07,0.074,37
4769,2.6240000000000023e-07,0.074,37
4770,2.6280000000000026e-07,0.074,37
4771,2.632000000000003e-07,0.074,37
4772,2.636000000000003e-07,0.076,38
4773,2.6399999999999993e-07,0.074,37
4774,2.6439999999999996e-07,0.074,37
4775,2.648e-07,0.074,37
4776,2.652e-07,0.074,37
4777,2.6560000000000005e-07,0.074,37
4778,2.660000000000001e-07,0.074,37
4779,2.664000000000001e-07,0.074,37
4780,2.6680000000000014e-07,0.074,37
4781,2.6720000000000017e-07,0.074,37
4782,2.676000000000002e-07,0.074,37
4783,2.6800000000000023e-07,0.074,37
4784,2.6840000000000026e-07,0.07200000000000001,36
4785,2.688000000000003e-07,0.074,37
4786,2.692000000000003e-07,0.074,37
4787,2.695999999999999e-07,0.074,37
4788,2.6999999999999996e-07,0.074,37
4789,2.704e-07,0.074,37
4790,2.708e-07,0.074,37
4791,2.7120000000000005e-07,0.076,38
4792,2.716000000000001e-07,0.074,37
4793,2.720000000000001e-07,0.074,37
4794,2.7240000000000014e-07,0.076,38
4795,2.7280000000000017e-07,0.076,38
4796,2.732000000000002e-07,0.074,37
4797,2.7360000000000023e-07,0.076,38
4798,2.7400000000000026e-07,0.074,37
4799,2.744000000000003e-07,0.074,37
4800,2.748000000000003e-07,0.074,37
4801,2.751999999999999e-07,0.076,38
4802,2.7559999999999995e-07,0.076,38
4803,2.76e-07,0.074,37
4804,2.764e-07,0.074,37
4805,2.7680000000000004e-07,0.074,37
4806,2.7720000000000007e-07,0.074,37
4807,2.776000000000001e-07,0.076,38
4808,2.7800000000000013e-07,0.074,37
4809,2.7840000000000016e-07,0.07200000000000001,36
4810,2.788000000000002e-07,0.074,37
4811,2.792000000000002e-07,0.076,38
4812,2.7960000000000025e-07,0.074,37
4813,2.800000000000003e-07,0.074,37
4814,2.804000000000003e-07,0.076,38
4815,2.8080000000000034e-07,0.074,37
4816,2.8119999999999995e-07,0.076,38
4817,2.816e-07,0.074,37
4818,2.82e-07,0.076,38
4819,2.8240000000000004e-07,0.076,38
4820,2.8280000000000007e-07,0.076,38
4821,2.832000000000001e-07,0.076,38
4822,2.8360000000000013e-07,0.074,37
4823,2.8400000000000016e-07,0.074,37
4824,2.844000000000002e-07,0.074,37
4825,2.848000000000002e-07,0.076,38
4826,2.8520000000000025e-07,0.074,37
4827,2.856000000000003e-07,0.074,37
4828,2.860000000000003e-07,0.074,37
4829,2.8640000000000034e-07,0.074,37
4830,2.8679999999999995e-07,0.074,37
4831,2.872e-07,0.074,37
4832,2.876e-07,0.074,37
4833,2.8800000000000004e-07,0.074,37
4834,2.8840000000000007e-07,0.076,38
4835,2.888000000000001e-07,0.076,38
4836,2.8920000000000013e-07,0.076,38
4837,2.8960000000000016e-07,0.076,38
4838,2.900000000000002e-07,0.074,37
4839,2.904000000000002e-07,0.076,38
4840,2.9080000000000025e-07,0.076,38
4841,2.912000000000003e-07,0.074,37
4842,2.916000000000003e-07,0.076,38
4843,2.9200000000000034e-07,0.076,38
4844,2.9239999999999994e-07,0.074,37
4845,2.928e-07,0.074,37
4846,2.932e-07,0.076,38
4847,2.9360000000000003e-07,0.07200000000000001,36
4848,2.9400000000000007e-07,0.074,37
4849,2.944000000000001e-07,0.076,38
4850,2.948000000000001e-07,0.076,38
4851,2.9520000000000016e-07,0.076,38
4852,2.956000000000002e-07,0.074,37
4853,2.960000000000002e-07,0.074,37
4854,2.9640000000000025e-07,0.074,37
4855,2.968000000000003e-07,0.074,37
4856,2.972000000000003e-07,0.074,37
4857,2.9760000000000034e-07,0.076,38
4858,2.9799999999999994e-07,0.076,38
4859,2.9839999999999997e-07,0.074,37
4860,2.988e-07,0.074,37
4861,2.9920000000000003e-07,0.074,37
4862,2.9960000000000006e-07,0.076,38
4863,3.000000000000001e-07,0.074,37
4864,3.004000000000001e-07,0.074,37
4865,3.0080000000000015e-07,0.076,38
4866,3.012000000000002e-07,0.076,38
4867,3.016000000000002e-07,0.074,37
4868,3.0200000000000024e-07,0.076,38
4869,3.0240000000000027e-07,0.074,37
4870,3.028000000000003e-07,0.074,37
4871,3.0320000000000033e-07,0.078,39
4872,3.0359999999999994e-07,0.074,37
4873,3.0399999999999997e-07,0.074,37
4874,3.044e-07,0.074,37
4875,3.0480000000000003e-07,0.074,37
4876,3.0520000000000006e-07,0.076,38
4877,3.056000000000001e-07,0.074,37
4878,3.060000000000001e-07,0.074,37
4879,3.0640000000000015e-07,0.076,38
4880,3.068000000000002e-07,0.076,38
4881,3.072000000000002e-07,0.074,37
4882,3.0760000000000024e-07,0.074,37
4883,3.0800000000000027e-07,0.074,37
4884,3.084000000000003e-07,0.074,37
4885,3.0880000000000033e-07,0.074,37
4886,3.0919999999999994e-07,0.074,37
4887,3.0959999999999997e-07,0.074,37
4888,3.1e-07,0.076,38
4889,3.1040000000000003e-07,0.078,39
4890,3.1080000000000006e-07,0.076,38
4891,3.112000000000001e-07,0.074,37
4892,3.116000000000001e-07,0.074,37
4893,3.1200000000000015e-07,0.074,37
4894,3.124000000000002e-07,0.074,37
4895,3.128000000000002e-07,0.076,38
4896,3.1320000000000024e-07,0.076,38
4897,3.1360000000000027e-07,0.076,38
4898,3.140000000000003e-07,0.076,38
4899,3.1440000000000033e-07,0.074,37
4900,3.1479999999999993e-07,0.074,37
4901,3.1519999999999996e-07,0.074,37
4902,3.156e-07,0.078,39
4903,3.16e-07,0.074,37
4904,3.1640000000000005e-07,0.076,38
4905,3.168000000000001e-07,0.074,37
4906,3.172000000000001e-07,0.076,38
4907,3.1760000000000014e-07,0.074,37
4908,3.180000000000002e-07,0.078,39
4909,3.184000000000002e-07,0.074,37
4910,3.1880000000000023e-07,0.07200000000000001,36
4911,3.1920000000000026e-07,0.074,37
4912,3.196000000000003e-07,0.07200000000000001,36
4913,3.200000000000003e-07,0.074,37
4914,3.2039999999999993e-07,0.076,38
4915,3.2079999999999996e-07,0.07200000000000001,36
4916,3.212e-07,0.076,38
4917,3.216e-07,0.074,37
4918,3.2200000000000005e-07,0.076,38
4919,3.224000000000001e-07,0.074,37
4920,3.228000000000001e-07,0.074,37
4921,3.2320000000000014e-07,0.074,37
4922,3.2360000000000017e-07,0.074,37
4923,3.240000000000002e-07,0.074,37
4924,3.2440000000000023e-07,0.076,38
4925,3.2480000000000026e-07,0.078,39
4926,3.252000000000003e-07,0.076,38
4927,3.256000000000003e-07,0.074,37
4928,3.2599999999999993e-07,0.07200000000000001,36
4929,3.2639999999999996e-07,0.074,37
4930,3.268e-07,0.074,37
4931,3.272e-07,0.074,37
4932,3.2760000000000005e-07,0.076,38
4933,3.280000000000001e-07,0.074,37
4934,3.284000000000001e-07,0.074,37
4935,3.2880000000000014e-07,0.074,37
4936,3.2920000000000017e-07,0.074,37
4937,3.296000000000002e-07,0.074,37
4938,3.3000000000000023e-07,0.074,37
4939,3.3040000000000026e-07,0.074,37
4940,3.308000000000003e-07,0.074,37
4941,3.312000000000003e-07,0.074,37
4942,3.315999999999999e-07,0.074,37
4943,3.3199999999999996e-07,0.074,37
4944,3.324e-07,0.074,37
4945,3.328e-07,0.076,38
4946,3.3320000000000005e-07,0.074,37
4947,3.336000000000001e-07,0.074,37
4948,3.340000000000001e-07,0.076,38
4949,3.3440000000000014e-07,0.074,37
4950,3.3480000000000017e-07,0.076,38
4951,3.352000000000002e-07,0.074,37
4952,3.356000000000002e-07,0.074,37
4953,3.3600000000000026e-07,0.074,37
4954,3.364000000000003e-07,0.074,37
4955,3.368000000000003e-07,0.074,37
4956,3.3720000000000035e-07,0.07200000000000001,36
4957,3.3759999999999995e-07,0.076,38
4958,3.38e-07,0.074,37
4959,3.384e-07,0.07200000000000001,36
4960,3.3880000000000004e-07,0.074,37
4961,3.3920000000000007e-07,0.074,37
4962,3.396000000000001e-07,0.074,37
4963,3.4000000000000013e-07,0.074,37
4964,3.4040000000000016e-07,0.076,38
4965,3.408000000000002e-07,0.076,38
4966,3.412000000000002e-07,0.074,37
4967,3.4160000000000025e-07,0.078,39
4968,3.420000000000003e-07,0.076,38
4969,3.424000000000003e-07,0.074,37
4970,3.4280000000000034e-07,0.074,37
4971,3.4319999999999995e-07,0.074,37
4972,3.436e-07,0.07200000000000001,36
4973,3.44e-07,0.076,38
4974,3.4440000000000004e-07,0.074,37
4975,3.4480000000000007e-07,0.076,38
4976,3.452000000000001e-07,0.076,38
4977,3.4560000000000013e-07,0.074,37
4978,3.4600000000000016e-07,0.074,37
4979,3.464000000000002e-07,0.074,37
4980,3.468000000000002e-07,0.076,38
4981,3.4720000000000025e-07,0.076,38
4982,3.476000000000003e-07,0.076,38
4983,3.480000000000003e-07,0.076,38
4984,3.4840000000000034e-07,0.074,37
4985,3.4879999999999995e-07,0.074,37
4986,3.492e-07,0.076,38
4987,3.496e-07,0.076,38
4988,3.5000000000000004e-07,0.076,38
4989,3.5040000000000007e-07,0.076,38
4990,3.508000000000001e-07,0.074,37
4991,3.5120000000000013e-07,0.076,38
4992,3.5160000000000016e-07,0.074,37
4993,3.520000000000002e-07,0.076,38
4994,3.524000000000002e-07,0.076,38
4995,3.5280000000000025e-07,0.076,38
4996,3.532000000000003e-07,0.076,38
4997,3.536000000000003e-07,0.076,38
4998,3.5400000000000034e-07,0.076,38
4999,3.5439999999999994e-07,0.076,38
5000,3.548e-07,0.076,38
5001,3.552e-07,0.076,38
5002,3.5560000000000003e-07,0.076,38
5003,3.5600000000000006e-07,0.074,37
5004,3.564000000000001e-07,0.076,38
5005,3.568000000000001e-07,0.07200000000000001,36
5006,3.5720000000000015e-07,0.074,37
5007,3.576000000000002e-07,0.074,37
5008,3.580000000000002e-07,0.076,38
5009,3.5840000000000024e-07,0.074,37
5010,3.588000000000003e-07,0.078,39
5011,3.592000000000003e-07,0.074,37
5012,3.5960000000000033e-07,0.074,37
5013,3.5999999999999994e-07,0.074,37
5014,3.6039999999999997e-07,0.076,38
5015,3.608e-07,0.074,37
5016,3.6120000000000003e-07,0.07200000000000001,36
5017,3.6160000000000006e-07,0.076,38
5018,3.620000000000001e-07,0.074,37
5019,3.624000000000001e-07,0.074,37
5020,3.6280000000000015e-07,0.076,38
5021,3.632000000000002e-07,0.074,37
5022,3.636000000000002e-07,0.076,38
5023,3.6400000000000024e-07,0.074,37
5024,3.6440000000000027e-07,0.074,37
5025,3.648000000000003e-07,0.076,38
5026,3.6520000000000033e-07,0.074,37
5027,3.6559999999999994e-07,0.074,37
5028,3.6599999999999997e-07,0.076,38
5029,3.664e-07,0.074,37
5030,3.6680000000000003e-07,0.074,37
5031,3.6720000000000006e-07,0.074,37
5032,3.676000000000001e-07,0.076,38
5033,3.680000000000001e-07,0.076,38
5034,3.6840000000000015e-07,0.078,39
5035,3.688000000000002e-07,0.076,38
5036,3.692000000000002e-07,0.076,38
5037,3.6960000000000024e-07,0.074,37
5038,3.7000000000000027e-07,0.074,37
5039,3.704000000000003e-07,0.076,38
5040,3.7080000000000033e-07,0.074,37
5041,3.7119999999999994e-07,0.076,38
5042,3.7159999999999997e-07,0.074,37
5043,3.72e-07,0.074,37
5044,3.724e-07,0.076,38
5045,3.7280000000000006e-07,0.076,38
5046,3.732000000000001e-07,0.076,38
5047,3.736000000000001e-07,0.076,38
5048,3.7400000000000015e-07,0.074,37
5049,3.744000000000002e-07,0.074,37
5050,3.748000000000002e-07,0.074,37
5051,3.7520000000000024e-07,0.074,37
5052,3.7560000000000027e-07,0.074,37
5053,3.760000000000003e-07,0.076,38
5054,3.764000000000003e-07,0.074,37
5055,3.7679999999999993e-07,0.074,37
5056,3.7719999999999996e-07,0.074,37
5057,3.776e-07,0.074,37
5058,3.78e-07,0.076,38
5059,3.7840000000000005e-07,0.074,37
5060,3.788000000000001e-07,0.074,37
5061,3.792000000000001e-07,0.074,37
5062,3.7960000000000014e-07,0.074,37
5063,3.8000000000000017e-07,0.074,37
5064,3.804000000000002e-07,0.074,37
5065,3.8080000000000023e-07,0.074,37
5066,3.8120000000000026e-07,0.076,38
5067,3.816000000000003e-07,0.076,38
5068,3.820000000000003e-07,0.076,38
5069,3.8239999999999993e-07,0.074,37
5070,3.8279999999999996e-07,0.074,37
5071,3.832e-07,0.076,38
5072,3.836e-07,0.076,38
5073,3.8400000000000005e-07,0.074,37
5074,3.844000000000001e-07,0.074,37
5075,3.848000000000001e-07,0.074,37
5076,3.8520000000000014e-07,0.074,37
5077,3.8560000000000017e-07,0.074,37
5078,3.860000000000002e-07,0.076,38
5079,3.8640000000000023e-07,0.074,37
5080,3.8680000000000026e-07,0.074,37
5081,3.872000000000003e-07,0.074,37
5082,3.876000000000003e-07,0.074,37
5083,3.8799999999999993e-07,0.076,38
5084,3.8839999999999996e-07,0.076,38
5085,3.888e-07,0.074,37
5086,3.892e-07,0.074,37
5087,3.8960000000000005e-07,0.076,38
5088,3.900000000000001e-07,0.074,37
5089,3.904000000000001e-07,0.076,38
5090,3.9080000000000014e-07,0.076,38
5091,3.9120000000000017e-07,0.074,37
5092,3.916000000000002e-07,0.076,38
5093,3.9200000000000023e-07,0.076,38
5094,3.9240000000000026e-07,0.074,37
5095,3.928000000000003e-07,0.074,37
5096,3.932000000000003e-07,0.074,37
5097,3.9360000000000035e-07,0.078,39
5098,3.9399999999999995e-07,0.076,38
5099,3.944e-07,0.07200000000000001,36
5100,3.948e-07,0.074,37
5101,3.9520000000000004e-07,0.074,37
5102,3.956000000000001e-07,0.074,37
5103,3.960000000000001e-07,0.076,38
5104,3.9640000000000013e-07,0.074,37
5105,3.9680000000000017e-07,0.074,37
5106,3.972000000000002e-07,0.076,38
5107,3.976000000000002e-07,0.074,37
5108,3.9800000000000026e-07,0.076,38
5109,3.984000000000003e-07,0.076,38
5110,3.988000000000003e-07,0.074,37
5111,3.9920000000000035e-07,0.076,38
5112,3.9959999999999995e-07,0.076,38
5113,4e-07,0.074,37
5114,4.004e-07,0.076,38
5115,4.0080000000000004e-07,0.074,37
5116,4.0120000000000007e-07,0.076,38
5117,4.016000000000001e-07,0.07200000000000001,36
5118,4.0200000000000013e-07,0.074,37
5119,4.0240000000000016e-07,0.074,37
5120,4.028000000000002e-07,0.074,37
5121,4.032000000000002e-07,0.074,37
5122,4.0360000000000025e-07,0.076,38
5123,4.040000000000003e-07,0.076,38
5124,4.044000000000003e-07,0.076,38
5125,4.0480000000000034e-07,0.076,38
5126,4.0519999999999995e-07,0.074,37
5127,4.056e-07,0.07200000000000001,36
5128,4.06e-07,0.074,37
5129,4.0640000000000004e-07,0.074,37
5130,4.0680000000000007e-07,0.076,38
5131,4.072000000000001e-07,0.074,37
5132,4.0760000000000013e-07,0.076,38
5133,4.0800000000000016e-07,0.074,37
5134,4.084000000000002e-07,0.074,37
5135,4.088000000000002e-07,0.074,37
5136,4.0920000000000025e-07,0.076,38
5137,4.096000000000003e-07,0.074,37
5138,4.100000000000003e-07,0.074,37
5139,4.1040000000000034e-07,0.074,37
5140,4.1079999999999995e-07,0.074,37
5141,4.112e-07,0.074,37
5142,4.116e-07,0.076,38
5143,4.1200000000000004e-07,0.074,37
5144,4.1240000000000007e-07,0.076,38
5145,4.128000000000001e-07,0.074,37
5146,4.1320000000000013e-07,0.07200000000000001,36
5147,4.1360000000000016e-07,0.074,37
5148,4.140000000000002e-07,0.076,38
5149,4.144000000000002e-07,0.076,38
5150,4.1480000000000025e-07,0.074,37
5151,4.152000000000003e-07,0.074,37
5152,4.156000000000003e-07,0.076,38
5153,4.1600000000000034e-07,0.074,37
5154,4.1639999999999994e-07,0.076,38
5155,4.1679999999999997e-07,0.076,38
5156,4.172e-07,0.074,37
5157,4.1760000000000003e-07,0.076,38
5158,4.1800000000000006e-07,0.074,37
5159,4.184000000000001e-07,0.074,37
5160,4.188000000000001e-07,0.074,37
5161,4.1920000000000015e-07,0.076,38
5162,4.196000000000002e-07,0.074,37
5163,4.200000000000002e-07,0.074,37
5164,4.2040000000000024e-07,0.076,38
5165,4.208000000000003e-07,0.074,37
5166,4.212000000000003e-07,0.074,37
5167,4.2160000000000033e-07,0.074,37
5168,4.2199999999999994e-07,0.074,37
5169,4.2239999999999997e-07,0.074,37
5170,4.228e-07,0.074,37
5171,4.2320000000000003e-07,0.07200000000000001,36
5172,4.2360000000000006e-07,0.076,38
5173,4.240000000000001e-07,0.074,37
5174,4.244000000000001e-07,0.074,37
5175,4.2480000000000015e-07,0.076,38
5176,4.252000000000002e-07,0.076,38
5177,4.256000000000002e-07,0.076,38
5178,4.2600000000000024e-07,0.076,38
5179,4.2640000000000027e-07,0.076,38
5180,4.268000000000003e-07,0.074,37
5181,4.2720000000000033e-07,0.074,37
5182,4.2759999999999994e-07,0.074,37
5183,4.2799999999999997e-07,0.074,37
5184,4.284e-07,0.074,37
5185,4.2880000000000003e-07,0.074,37
5186,4.2920000000000006e-07,0.074,37
5187,4.296000000000001e-07,0.076,38
5188,4.300000000000001e-07,0.076,38
5189,4.3040000000000015e-07,0.074,37
5190,4.308000000000002e-07,0.078,39
5191,4.312000000000002e-07,0.074,37
5192,4.3160000000000024e-07,0.074,37
5193,4.3200000000000027e-07,0.074,37
5194,4.324000000000003e-07,0.074,37
5195,4.3280000000000033e-07,0.074,37
5196,4.3319999999999994e-07,0.076,38
5197,4.3359999999999997e-07,0.074,37
5198,4.34e-07,0.074,37
5199,4.344e-07,0.074,37
5200,4.3480000000000006e-07,0.074,37
5201,4.352000000000001e-07,0.076,38
5202,4.356000000000001e-07,0.076,38
5203,4.3600000000000015e-07,0.076,38
5204,4.364000000000002e-07,0.076,38
5205,4.368000000000002e-07,0.074,37
5206,4.3720000000000024e-07,0.074,37
5207,4.3760000000000027e-07,0.074,37
5208,4.380000000000003e-07,0.076,38
5209,4.384000000000003e-07,0.076,38
5210,4.3879999999999993e-07,0.074,37
5211,4.3919999999999996e-07,0.074,37
5212,4.396e-07,0.076,38
5213,4.4e-07,0.074,37
5214,4.4040000000000005e-07,0.074,37
5215,4.408000000000001e-07,0.074,37
5216,4.412000000000001e-07,0.076,38
5217,4.4160000000000014e-07,0.074,37
5218,4.4200000000000017e-07,0.074,37
5219,4.424000000000002e-07,0.076,38
5220,4.4280000000000023e-07,0.076,38
5221,4.4320000000000026e-07,0.074,37
5222,4.436000000000003e-07,0.074,37
5223,4.440000000000003e-07,0.076,38
5224,4.4439999999999993e-07,0.074,37
5225,4.4479999999999996e-07,0.074,37
5226,4.452e-07,0.074,37
5227,4.456e-07,0.076,38
5228,4.4600000000000005e-07,0.076,38
5229,4.464000000000001e-07,0.074,37
5230,4.468000000000001e-07,0.074,37
5231,4.4720000000000014e-07,0.074,37
5232,4.4760000000000017e-07,0.074,37
5233,4.480000000000002e-07,0.074,37
5234,4.4840000000000023e-07,0.074,37
5235,4.4880000000000026e-07,0.074,37
5236,4.492000000000003e-07,0.074,37
5237,4.496000000000003e-07,0.074,37
5238,4.5000000000000035e-07,0.074,37
5239,4.5039999999999996e-07,0.07200000000000001,36
5240,4.508e-07,0.076,38
5241,4.512e-07,0.074,37
5242,4.5160000000000005e-07,0.076,38
5243,4.520000000000001e-07,0.078,39
5244,4.524000000000001e-07,0.076,38
5245,4.5280000000000014e-07,0.074,37
5246,4.5320000000000017e-07,0.074,37
5247,4.536000000000002e-07,0.074,37
5248,4.5400000000000023e-07,0.076,38
5249,4.5440000000000026e-07,0.076,38
5250,4.548000000000003e-07,0.076,38
5251,4.552000000000003e-07,0.076,38
5252,4.5560000000000035e-07,0.076,38
5253,4.5599999999999995e-07,0.074,37
5254,4.564e-07,0.074,37
5255,4.568e-07,0.074,37
5256,4.5720000000000004e-07,0.076,38
5257,4.576000000000001e-07,0.074,37
5258,4.580000000000001e-07,0.074,37
5259,4.5840000000000013e-07,0.074,37
5260,4.5880000000000016e-07,0.076,38
5261,4.592000000000002e-07,0.076,38
5262,4.596000000000002e-07,0.074,37
5263,4.6000000000000025e-07,0.074,37
5264,4.604000000000003e-07,0.074,37
5265,4.608000000000003e-07,0.074,37
5266,4.6120000000000034e-07,0.07200000000000001,36
5267,4.6159999999999995e-07,0.074,37
5268,4.62e-07,0.074,37
5269,4.624e-07,0.074,37
5270,4.6280000000000004e-07,0.074,37
5271,4.6320000000000007e-07,0.074,37
5272,4.636000000000001e-07,0.074,37
5273,4.6400000000000013e-07,0.074,37
5274,4.6440000000000016e-07,0.074,37
5275,4.648000000000002e-07,0.074,37
5276,4.652000000000002e-07,0.074,37
5277,4.6560000000000025e-07,0.074,37
5278,4.660000000000003e-07,0.076,38
5279,4.664000000000003e-07,0.076,38
5280,4.6680000000000034e-07,0.074,37
5281,4.6719999999999995e-07,0.074,37
5282,4.676e-07,0.076,38
5283,4.68e-07,0.076,38
5284,4.6840000000000004e-07,0.076,38
5285,4.6880000000000007e-07,0.076,38
5286,4.692000000000001e-07,0.074,37
5287,4.6960000000000013e-07,0.074,37
5288,4.7000000000000016e-07,0.076,38
5289,4.704000000000002e-07,0.074,37
5290,4.708000000000002e-07,0.074,37
5291,4.7120000000000025e-07,0.074,37
5292,4.716000000000003e-07,0.074,37
5293,4.720000000000003e-07,0.074,37
5294,4.7240000000000034e-07,0.076,38
5295,4.7279999999999995e-07,0.074,37
5296,4.732e-07,0.076,38
5297,4.736e-07,0.074,37
5298,4.7400000000000004e-07,0.074,37
5299,4.7440000000000007e-07,0.07200000000000001,36
5300,4.748000000000001e-07,0.076,38
5301,4.752000000000001e-07,0.074,37
5302,4.7560000000000016e-07,0.076,38
5303,4.760000000000002e-07,0.076,38
5304,4.764000000000002e-07,0.074,37
5305,4.7680000000000025e-07,0.07200000000000001,36
5306,4.772000000000003e-07,0.076,38
5307,4.776000000000003e-07,0.074,37
5308,4.780000000000003e-07,0.074,37
5309,4.783999999999999e-07,0.076,38
5310,4.788e-07,0.076,38
5311,4.792e-07,0.076,38
5312,4.796e-07,0.074,37
5313,4.800000000000001e-07,0.076,38
5314,4.804000000000001e-07,0.076,38
5315,4.808000000000001e-07,0.074,37
5316,4.812000000000002e-07,0.076,38
5317,4.816000000000002e-07,0.076,38
5318,4.820000000000002e-07,0.074,37
5319,4.824000000000002e-07,0.076,38
5320,4.828000000000003e-07,0.07200000000000001,36
5321,4.832000000000003e-07,0.074,37
5322,4.836000000000003e-07,0.074,37
5323,4.839999999999999e-07,0.074,37
5324,4.844e-07,0.074,37
5325,4.848e-07,0.074,37
5326,4.852e-07,0.078,39
5327,4.856000000000001e-07,0.074,37
5328,4.860000000000001e-07,0.074,37
5329,4.864000000000001e-07,0.074,37
5330,4.868000000000002e-07,0.07200000000000001,36
5331,4.872000000000002e-07,0.078,39
5332,4.876000000000002e-07,0.074,37
5333,4.880000000000002e-07,0.074,37
5334,4.884000000000003e-07,0.076,38
5335,4.888000000000003e-07,0.076,38
5336,4.892000000000003e-07,0.076,38
5337,4.895999999999999e-07,0.07200000000000001,36
5338,4.9e-07,0.076,38
5339,4.904e-07,0.076,38
5340,4.908e-07,0.076,38
5341,4.912000000000001e-07,0.074,37
5342,4.916000000000001e-07,0.074,37
5343,4.920000000000001e-07,0.076,38
5344,4.924000000000001e-07,0.074,37
5345,4.928000000000002e-07,0.076,38
5346,4.932000000000002e-07,0.074,37
5347,4.936000000000002e-07,0.074,37
5348,4.940000000000003e-07,0.076,38
5349,4.944000000000003e-07,0.074,37
5350,4.948000000000003e-07,0.074,37
5351,4.951999999999999e-07,0.076,38
5352,4.956e-07,0.07200000000000001,36
5353,4.96e-07,0.074,37
5354,4.964e-07,0.076,38
5355,4.968000000000001e-07,0.076,38
5356,4.972000000000001e-07,0.076,38
5357,4.976000000000001e-07,0.076,38
5358,4.980000000000001e-07,0.074,37
5359,4.984000000000002e-07,0.076,38
5360,4.988000000000002e-07,0.07200000000000001,36
5361,4.992000000000002e-07,0.074,37
5362,4.996000000000003e-07,0.074,37
5363,5.000000000000003e-07,0.074,37
5364,5.004000000000003e-07,0.076,38
5365,5.007999999999999e-07,0.07200000000000001,36
5366,5.012e-07,0.078,39
5367,5.016e-07,0.074,37
5368,5.02e-07,0.076,38
5369,5.024e-07,0.074,37
5370,5.028000000000001e-07,0.074,37
5371,5.032000000000001e-07,0.074,37
5372,5.036000000000001e-07,0.076,38
5373,5.040000000000002e-07,0.074,37
5374,5.044000000000002e-07,0.076,38
5375,5.048000000000002e-07,0.076,38
5376,5.052000000000003e-07,0.076,38
5377,5.056000000000003e-07,0.076,38
5378,5.060000000000003e-07,0.076,38
5379,5.064000000000004e-07,0.076,38
5380,5.068e-07,0.074,37
5381,5.072e-07,0.076,38
5382,5.076e-07,0.074,37
5383,5.08e-07,0.076,38
5384,5.084000000000001e-07,0.074,37
5385,5.088000000000001e-07,0.074,37
5386,5.092000000000001e-07,0.074,37
5387,5.096000000000002e-07,0.076,38
5388,5.100000000000002e-07,0.074,37
5389,5.104000000000002e-07,0.076,38
5390,5.108000000000003e-07,0.076,38
5391,5.112000000000003e-07,0.074,37
5392,5.116000000000003e-07,0.074,37
5393,5.120000000000003e-07,0.074,37
5394,5.124e-07,0.07200000000000001,36
5395,5.128e-07,0.074,37
5396,5.132e-07,0.076,38
5397,5.136e-07,0.076,38
5398,5.140000000000001e-07,0.078,39
5399,5.144000000000001e-07,0.076,38
5400,5.148000000000001e-07,0.076,38
5401,5.152000000000002e-07,0.074,37
5402,5.156000000000002e-07,0.076,38
5403,5.160000000000002e-07,0.074,37
5404,5.164000000000003e-07,0.074,37
5405,5.168000000000003e-07,0.074,37
5406,5.172000000000003e-07,0.074,37
5407,5.176000000000003e-07,0.076,38
5408,5.18e-07,0.074,37
5409,5.184e-07,0.076,38
5410,5.188e-07,0.076,38
5411,5.192e-07,0.074,37
5412,5.196000000000001e-07,0.074,37
5413,5.200000000000001e-07,0.076,38
5414,5.204000000000001e-07,0.074,37
5415,5.208000000000002e-07,0.074,37
5416,5.212000000000002e-07,0.074,37
5417,5.216000000000002e-07,0.074,37
5418,5.220000000000003e-07,0.076,38
5419,5.224000000000003e-07,0.074,37
5420,5.228000000000003e-07,0.074,37
5421,5.232000000000003e-07,0.076,38
5422,5.236e-07,0.074,37
5423,5.24e-07,0.074,37
5424,5.244e-07,0.074,37
5425,5.248e-07,0.076,38
5426,5.252000000000001e-07,0.078,39
5427,5.256000000000001e-07,0.074,37
5428,5.260000000000001e-07,0.076,38
5429,5.264000000000002e-07,0.074,37
5430,5.268000000000002e-07,0.076,38
5431,5.272000000000002e-07,0.076,38
5432,5.276000000000003e-07,0.078,39
5433,5.280000000000003e-07,0.074,37
5434,5.284000000000003e-07,0.074,37
5435,5.288000000000003e-07,0.076,38
5436,5.292e-07,0.074,37
5437,5.296e-07,0.076,38
5438,5.3e-07,0.074,37
5439,5.304e-07,0.076,38
5440,5.308000000000001e-07,0.074,37
5441,5.312000000000001e-07,0.076,38
5442,5.316000000000001e-07,0.074,37
5443,5.320000000000002e-07,0.074,37
5444,5.324000000000002e-07,0.076,38
5445,5.328000000000002e-07,0.076,38
5446,5.332000000000002e-07,0.074,37
5447,5.336000000000003e-07,0.074,37
5448,5.340000000000003e-07,0.074,37
5449,5.344000000000003e-07,0.074,37
5450,5.347999999999999e-07,0.07200000000000001,36
5451,5.352e-07,0.074,37
5452,5.356e-07,0.074,37
5453,5.36e-07,0.076,38
5454,5.364000000000001e-07,0.074,37
5455,5.368000000000001e-07,0.074,37
5456,5.372000000000001e-07,0.076,38
5457,5.376000000000002e-07,0.076,38
5458,5.380000000000002e-07,0.074,37
5459,5.384000000000002e-07,0.074,37
5460,5.388000000000002e-07,0.074,37
5461,5.392000000000003e-07,0.074,37
5462,5.396000000000003e-07,0.074,37
5463,5.400000000000003e-07,0.074,37
5464,5.403999999999999e-07,0.074,37
5465,5.408e-07,0.074,37
5466,5.412e-07,0.074,37
5467,5.416e-07,0.074,37
5468,5.420000000000001e-07,0.074,37
5469,5.424000000000001e-07,0.076,38
5470,5.428000000000001e-07,0.076,38
5471,5.432000000000002e-07,0.076,38
5472,5.436000000000002e-07,0.074,37
5473,5.440000000000002e-07,0.076,38
5474,5.444000000000002e-07,0.074,37
5475,5.448000000000003e-07,0.076,38
5476,5.452000000000003e-07,0.074,37
5477,5.456000000000003e-07,0.076,38
5478,5.459999999999999e-07,0.074,37
5479,5.464e-07,0.074,37
5480,5.468e-07,0.074,37
5481,5.472e-07,0.074,37
5482,5.476000000000001e-07,0.074,37
5483,5.480000000000001e-07,0.074,37
5484,5.484000000000001e-07,0.074,37
5485,5.488000000000001e-07,0.074,37
5486,5.492000000000002e-07,0.076,38
5487,5.496000000000002e-07,0.074,37
5488,5.500000000000002e-07,0.074,37
5489,5.504000000000003e-07,0.076,38
5490,5.508000000000003e-07,0.074,37
5491,5.512000000000003e-07,0.074,37
5492,5.515999999999999e-07,0.074,37
5493,5.52e-07,0.076,38
5494,5.524e-07,0.076,38
5495,5.528e-07,0.076,38
5496,5.532000000000001e-07,0.074,37
5497,5.536000000000001e-07,0.076,38
5498,5.540000000000001e-07,0.074,37
5499,5.544000000000001e-07,0.074,37
5500,5.548000000000002e-07,0.074,37
5501,5.552000000000002e-07,0.076,38
5502,5.556000000000002e-07,0.074,37
5503,5.560000000000003e-07,0.074,37
5504,5.564000000000003e-07,0.074,37
5505,5.568000000000003e-07,0.074,37
5506,5.571999999999999e-07,0.076,38
5507,5.576e-07,0.074,37
5508,5.58e-07,0.076,38
5509,5.584e-07,0.074,37
5510,5.588000000000001e-07,0.076,38
5511,5.592000000000001e-07,0.078,39
5512,5.596000000000001e-07,0.076,38
5513,5.600000000000001e-07,0.074,37
5514,5.604000000000002e-07,0.074,37
5515,5.608000000000002e-07,0.076,38
5516,5.612000000000002e-07,0.076,38
5517,5.616000000000003e-07,0.074,37
5518,5.620000000000003e-07,0.076,38
5519,5.624000000000003e-07,0.074,37
5520,5.628000000000004e-07,0.074,37
5521,5.632e-07,0.076,38
5522,5.636e-07,0.074,37
5523,5.64e-07,0.074,37
5524,5.644e-07,0.076,38
5525,5.648000000000001e-07,0.074,37
5526,5.652000000000001e-07,0.074,37
5527,5.656000000000001e-07,0.074,37
5528,5.660000000000002e-07,0.076,38
5529,5.664000000000002e-07,0.074,37
5530,5.668000000000002e-07,0.074,37
5531,5.672000000000003e-07,0.074,37
5532,5.676000000000003e-07,0.076,38
5533,5.680000000000003e-07,0.074,37
5534,5.684000000000004e-07,0.076,38
5535,5.688e-07,0.074,37
5536,5.692e-07,0.074,37
5537,5.696e-07,0.074,37
5538,5.7e-07,0.074,37
5539,5.704000000000001e-07,0.074,37
5540,5.708000000000001e-07,0.076,38
5541,5.712000000000001e-07,0.076,38
5542,5.716000000000002e-07,0.076,38
5543,5.720000000000002e-07,0.074,37
5544,5.724000000000002e-07,0.076,38
5545,5.728000000000003e-07,0.07200000000000001,36
5546,5.732000000000003e-07,0.078,39
5547,5.736000000000003e-07,0.074,37
5548,5.740000000000003e-07,0.074,37
5549,5.744e-07,0.074,37
5550,5.748e-07,0.074,37
5551,5.752e-07,0.074,37
5552,5.756e-07,0.074,37
5553,5.760000000000001e-07,0.076,38
5554,5.764000000000001e-07,0.074,37
5555,5.768000000000001e-07,0.074,37
5556,5.772000000000002e-07,0.074,37
5557,5.776000000000002e-07,0.074,37
5558,5.780000000000002e-07,0.074,37
5559,5.784000000000003e-07,0.076,38
5560,5.788000000000003e-07,0.074,37
5561,5.792000000000003e-07,0.074,37
5562,5.796000000000003e-07,0.074,37
5563,5.8e-07,0.076,38
5564,5.804e-07,0.076,38
5565,5.808e-07,0.07200000000000001,36
5566,5.812e-07,0.074,37
5567,5.816000000000001e-07,0.074,37
5568,5.820000000000001e-07,0.076,38
5569,5.824000000000001e-07,0.076,38
5570,5.828000000000002e-07,0.076,38
5571,5.832000000000002e-07,0.076,38
5572,5.836000000000002e-07,0.074,37
5573,5.840000000000003e-07,0.074,37
5574,5.844000000000003e-07,0.076,38
5575,5.848000000000003e-07,0.076,38
5576,5.852000000000003e-07,0.076,38
5577,5.856e-07,0.074,37
5578,5.86e-07,0.074,37
5579,5.864e-07,0.074,37
5580,5.868e-07,0.074,37
5581,5.872000000000001e-07,0.074,37
5582,5.876000000000001e-07,0.074,37
5583,5.880000000000001e-07,0.074,37
5584,5.884000000000002e-07,0.07200000000000001,36
5585,5.888000000000002e-07,0.07200000000000001,36
5586,5.892000000000002e-07,0.074,37
5587,5.896000000000003e-07,0.074,37
5588,5.900000000000003e-07,0.076,38
5589,5.904000000000003e-07,0.074,37
5590,5.908000000000003e-07,0.076,38
5591,5.911999999999999e-07,0.074,37
5592,5.916e-07,0.076,38
5593,5.92e-07,0.076,38
5594,5.924e-07,0.074,37
5595,5.928000000000001e-07,0.074,37
5596,5.932000000000001e-07,0.074,37
5597,5.936000000000001e-07,0.076,38
5598,5.940000000000002e-07,0.074,37
5599,5.944000000000002e-07,0.074,37
5600,5.948000000000002e-07,0.074,37
5601,5.952000000000002e-07,0.074,37
5602,5.956000000000003e-07,0.076,38
5603,5.960000000000003e-07,0.074,37
5604,5.964000000000003e-07,0.074,37
5605,5.967999999999999e-07,0.074,37
5606,5.972e-07,0.074,37
5607,5.976e-07,0.07200000000000001,36
5608,5.98e-07,0.074,37
5609,5.984000000000001e-07,0.074,37
5610,5.988000000000001e-07,0.076,38
5611,5.992000000000001e-07,0.074,37
5612,5.996000000000002e-07,0.074,37
5613,6.000000000000002e-07,0.074,37
5614,6.004000000000002e-07,0.076,38
5615,6.008000000000002e-07,0.074,37
5616,6.012000000000003e-07,0.076,38
5617,6.016000000000003e-07,0.074,37
5618,6.020000000000003e-07,0.074,37
5619,6.023999999999999e-07,0.074,37
5620,6.028e-07,0.07200000000000001,36
5621,6.032e-07,0.07200000000000001,36
5622,6.036e-07,0.074,37
5623,6.040000000000001e-07,0.076,38
5624,6.044000000000001e-07,0.074,37
5625,6.048000000000001e-07,0.076,38
5626,6.052000000000002e-07,0.074,37
5627,6.056000000000002e-07,0.07200000000000001,36
5628,6.060000000000002e-07,0.076,38
5629,6.064000000000002e-07,0.074,37
5630,6.068000000000003e-07,0.076,38
5631,6.072000000000003e-07,0.076,38
5632,6.076000000000003e-07,0.076,38
5633,6.079999999999999e-07,0.074,37
5634,6.084e-07,0.074,37
5635,6.088e-07,0.074,37
5636,6.092e-07,0.074,37
5637,6.096000000000001e-07,0.074,37
5638,6.100000000000001e-07,0.074,37
5639,6.104000000000001e-07,0.074,37
5640,6.108000000000001e-07,0.074,37
5641,6.112000000000002e-07,0.074,37
5642,6.116000000000002e-07,0.076,38
5643,6.120000000000002e-07,0.076,38
5644,6.124000000000003e-07,0.074,37
5645,6.128000000000003e-07,0.074,37
5646,6.132000000000003e-07,0.074,37
5647,6.135999999999999e-07,0.074,37
5648,6.14e-07,0.074,37
5649,6.144e-07,0.076,38
5650,6.148e-07,0.076,38
5651,6.152000000000001e-07,0.074,37
5652,6.156000000000001e-07,0.076,38
5653,6.160000000000001e-07,0.076,38
5654,6.164000000000001e-07,0.074,37
5655,6.168000000000002e-07,0.074,37
5656,6.172000000000002e-07,0.074,37
5657,6.176000000000002e-07,0.074,37
5658,6.180000000000003e-07,0.076,38
5659,6.184000000000003e-07,0.074,37
5660,6.188000000000003e-07,0.07200000000000001,36
5661,6.192000000000004e-07,0.074,37
5662,6.196e-07,0.076,38
5663,6.2e-07,0.074,37
5664,6.204e-07,0.074,37
5665,6.208000000000001e-07,0.074,37
5666,6.212000000000001e-07,0.074,37
5667,6.216000000000001e-07,0.078,39
5668,6.220000000000001e-07,0.074,37
5669,6.224000000000002e-07,0.076,38
5670,6.228000000000002e-07,0.076,38
5671,6.232000000000002e-07,0.074,37
5672,6.236000000000003e-07,0.074,37
5673,6.240000000000003e-07,0.074,37
5674,6.244000000000003e-07,0.076,38
5675,6.248000000000004e-07,0.074,37
5676,6.252e-07,0.076,38
5677,6.256e-07,0.076,38
5678,6.26e-07,0.074,37
5679,6.264e-07,0.074,37
5680,6.268000000000001e-07,0.076,38
5681,6.272000000000001e-07,0.074,37
5682,6.276000000000001e-07,0.076,38
5683,6.280000000000002e-07,0.074,37
5684,6.284000000000002e-07,0.074,37
5685,6.288000000000002e-07,0.074,37
5686,6.292000000000003e-07,0.076,38
5687,6.296000000000003e-07,0.074,37
5688,6.300000000000003e-07,0.074,37
5689,6.304000000000004e-07,0.074,37
5690,6.308e-07,0.074,37
5691,6.312e-07,0.074,37
5692,6.316e-07,0.074,37
5693,6.32e-07,0.074,37
5694,6.324000000000001e-07,0.076,38
5695,6.328000000000001e-07,0.076,38
5696,6.332000000000001e-07,0.074,37
5697,6.336000000000002e-07,0.074,37
5698,6.340000000000002e-07,0.074,37
5699,6.344000000000002e-07,0.074,37
5700,6.348000000000003e-07,0.074,37
5701,6.352000000000003e-07,0.074,37
5702,6.356000000000003e-07,0.074,37
5703,6.360000000000003e-07,0.076,38
5704,6.364e-07,0.078,39
5705,6.368e-07,0.076,38
5706,6.372e-07,0.074,37
5707,6.376e-07,0.076,38
5708,6.380000000000001e-07,0.074,37
5709,6.384000000000001e-07,0.076,38
5710,6.388000000000001e-07,0.076,38
5711,6.392000000000002e-07,0.074,37
5712,6.396000000000002e-07,0.074,37
5713,6.400000000000002e-07,0.076,38
5714,6.404000000000003e-07,0.074,37
5715,6.408000000000003e-07,0.074,37
5716,6.412000000000003e-07,0.076,38
5717,6.416000000000003e-07,0.076,38
5718,6.42e-07,0.076,38
5719,6.424e-07,0.074,37
5720,6.428e-07,0.076,38
5721,6.432e-07,0.076,38
5722,6.436000000000001e-07,0.076,38
5723,6.440000000000001e-07,0.076,38
5724,6.444000000000001e-07,0.074,37
5725,6.448000000000002e-07,0.074,37
5726,6.452000000000002e-07,0.07200000000000001,36
5727,6.456000000000002e-07,0.076,38
5728,6.460000000000003e-07,0.074,37
5729,6.464000000000003e-07,0.074,37
5730,6.468000000000003e-07,0.076,38
5731,6.472000000000003e-07,0.074,37
5732,6.476e-07,0.074,37
5733,6.48e-07,0.074,37
5734,6.484e-07,0.074,37
5735,6.488e-07,0.076,38
5736,6.492000000000001e-07,0.074,37
5737,6.496000000000001e-07,0.076,38
5738,6.500000000000001e-07,0.074,37
5739,6.504000000000002e-07,0.076,38
5740,6.508000000000002e-07,0.076,38
5741,6.512000000000002e-07,0.076,38
5742,6.516000000000002e-07,0.074,37
5743,6.520000000000003e-07,0.076,38
5744,6.524000000000003e-07,0.074,37
5745,6.528000000000003e-07,0.074,37
5746,6.531999999999999e-07,0.074,37
5747,6.536e-07,0.076,38
5748,6.54e-07,0.076,38
5749,6.544e-07,0.076,38
5750,6.548000000000001e-07,0.074,37
5751,6.552000000000001e-07,0.074,37
5752,6.556000000000001e-07,0.074,37
5753,6.560000000000002e-07,0.07200000000000001,36
5754,6.564000000000002e-07,0.074,37
5755,6.568000000000002e-07,0.074,37
5756,6.572000000000002e-07,0.074,37
5757,6.576000000000003e-07,0.074,37
5758,6.580000000000003e-07,0.074,37
5759,6.584000000000003e-07,0.076,38
5760,6.587999999999999e-07,0.074,37
5761,6.592e-07,0.074,37
5762,6.596e-07,0.076,38
5763,6.6e-07,0.074,37
5764,6.604000000000001e-07,0.076,38
5765,6.608000000000001e-07,0.076,38
5766,6.612000000000001e-07,0.074,37
5767,6.616000000000002e-07,0.074,37
5768,6.620000000000002e-07,0.076,38
5769,6.624000000000002e-07,0.074,37
5770,6.628000000000002e-07,0.076,38
5771,6.632000000000003e-07,0.074,37
5772,6.636000000000003e-07,0.074,37
5773,6.640000000000003e-07,0.076,38
5774,6.643999999999999e-07,0.074,37
5775,6.648e-07,0.07200000000000001,36
5776,6.652e-07,0.076,38
5777,6.656e-07,0.074,37
5778,6.660000000000001e-07,0.074,37
5779,6.664000000000001e-07,0.076,38
5780,6.668000000000001e-07,0.076,38
5781,6.672000000000002e-07,0.074,37
5782,6.676000000000002e-07,0.076,38
5783,6.680000000000002e-07,0.074,37
5784,6.684000000000002e-07,0.074,37
5785,6.688000000000003e-07,0.074,37
5786,6.692000000000003e-07,0.074,37
5787,6.696000000000003e-07,0.074,37
5788,6.699999999999999e-07,0.074,37
5789,6.704e-07,0.074,37
5790,6.708e-07,0.076,38
5791,6.712e-07,0.076,38
5792,6.716000000000001e-07,0.078,39
5793,6.720000000000001e-07,0.076,38
5794,6.724000000000001e-07,0.076,38
5795,6.728000000000001e-07,0.074,37
5796,6.732000000000002e-07,0.074,37
5797,6.736000000000002e-07,0.078,39
5798,6.740000000000002e-07,0.076,38
5799,6.744000000000003e-07,0.078,39
5800,6.748000000000003e-07,0.074,37
5801,6.752000000000003e-07,0.076,38
5802,6.756000000000004e-07,0.074,37
5803,6.76e-07,0.076,38
5804,6.764e-07,0.074,37
5805,6.768e-07,0.076,38
5806,6.772000000000001e-07,0.076,38
5807,6.776000000000001e-07,0.078,39
5808,6.780000000000001e-07,0.074,37
5809,6.784000000000001e-07,0.074,37
5810,6.788000000000002e-07,0.074,37
5811,6.792000000000002e-07,0.078,39
5812,6.796000000000002e-07,0.074,37
5813,6.800000000000003e-07,0.074,37
5814,6.804000000000003e-07,0.074,37
5815,6.808000000000003e-07,0.074,37
5816,6.812000000000004e-07,0.074,37
5817,6.816e-07,0.074,37
5818,6.82e-07,0.074,37
5819,6.824e-07,0.074,37
5820,6.828e-07,0.074,37
5821,6.832000000000001e-07,0.074,37
5822,6.836000000000001e-07,0.074,37
5823,6.840000000000001e-07,0.074,37
5824,6.844000000000002e-07,0.074,37
5825,6.848000000000002e-07,0.074,37
5826,6.852000000000002e-07,0.074,37
5827,6.856000000000003e-07,0.074,37
5828,6.860000000000003e-07,0.074,37
5829,6.864000000000003e-07,0.076,38
5830,6.868000000000004e-07,0.076,38
5831,6.872e-07,0.07200000000000001,36
5832,6.876e-07,0.078,39
5833,6.88e-07,0.076,38
5834,6.884e-07,0.074,37
5835,6.888000000000001e-07,0.074,37
5836,6.892000000000001e-07,0.074,37
5837,6.896000000000001e-07,0.074,37
5838,6.900000000000002e-07,0.074,37
5839,6.904000000000002e-07,0.076,38
5840,6.908000000000002e-07,0.076,38
5841,6.912000000000003e-07,0.074,37
5842,6.916000000000003e-07,0.074,37
5843,6.920000000000003e-07,0.074,37
5844,6.924000000000004e-07,0.074,37
5845,6.928e-07,0.074,37
5846,6.932e-07,0.074,37
5847,6.936e-07,0.074,37
5848,6.94e-07,0.074,37
5849,6.944000000000001e-07,0.076,38
5850,6.948000000000001e-07,0.074,37
5851,6.952000000000001e-07,0.076,38
5852,6.956000000000002e-07,0.074,37
5853,6.960000000000002e-07,0.074,37
5854,6.964000000000002e-07,0.074,37
5855,6.968000000000003e-07,0.074,37
5856,6.972000000000003e-07,0.076,38
5857,6.976000000000003e-07,0.076,38
5858,6.980000000000003e-07,0.07200000000000001,36
5859,6.984e-07,0.076,38
5860,6.988e-07,0.076,38
5861,6.992e-07,0.074,37
5862,6.996e-07,0.074,37
5863,7.000000000000001e-07,0.074,37
5864,7.004000000000001e-07,0.076,38
5865,7.008000000000001e-07,0.076,38
5866,7.012000000000002e-07,0.074,37
5867,7.016000000000002e-07,0.074,37
5868,7.020000000000002e-07,0.074,37
5869,7.024000000000003e-07,0.074,37
5870,7.028000000000003e-07,0.074,37
5871,7.032000000000003e-07,0.074,37
5872,7.036000000000003e-07,0.076,38
5873,7.04e-07,0.074,37
5874,7.044e-07,0.074,37
5875,7.048e-07,0.076,38
5876,7.052e-07,0.074,37
5877,7.056000000000001e-07,0.076,38
5878,7.060000000000001e-07,0.074,37
5879,7.064000000000001e-07,0.074,37
5880,7.068000000000002e-07,0.074,37
5881,7.072000000000002e-07,0.076,38
5882,7.076000000000002e-07,0.076,38
5883,7.080000000000003e-07,0.074,37
5884,7.084000000000003e-07,0.074,37
5885,7.088000000000003e-07,0.074,37
5886,7.092000000000003e-07,0.074,37
5887,7.096e-07,0.074,37
5888,7.1e-07,0.074,37
5889,7.104e-07,0.074,37
5890,7.108e-07,0.074,37
5891,7.112000000000001e-07,0.074,37
5892,7.116000000000001e-07,0.076,38
5893,7.120000000000001e-07,0.074,37
5894,7.124000000000002e-07,0.076,38
5895,7.128000000000002e-07,0.074,37
5896,7.132000000000002e-07,0.074,37
5897,7.136000000000002e-07,0.074,37
5898,7.140000000000003e-07,0.074,37
5899,7.144000000000003e-07,0.076,38
5900,7.148000000000003e-07,0.074,37
5901,7.151999999999999e-07,0.074,37
5902,7.156e-07,0.074,37
5903,7.16e-07,0.076,38
5904,7.164e-07,0.076,38
5905,7.168000000000001e-07,0.074,37
5906,7.172000000000001e-07,0.074,37
5907,7.176000000000001e-07,0.074,37
5908,7.180000000000002e-07,0.076,38
5909,7.184000000000002e-07,0.074,37
5910,7.188000000000002e-07,0.076,38
5911,7.192000000000002e-07,0.076,38
5912,7.196000000000003e-07,0.074,37
5913,7.200000000000003e-07,0.074,37
5914,7.204000000000003e-07,0.074,37
5915,7.207999999999999e-07,0.074,37
5916,7.212e-07,0.076,38
5917,7.216e-07,0.074,37
5918,7.22e-07,0.074,37
5919,7.224000000000001e-07,0.074,37
5920,7.228000000000001e-07,0.074,37
5921,7.232000000000001e-07,0.074,37
5922,7.236000000000002e-07,0.076,38
5923,7.240000000000002e-07,0.074,37
5924,7.244000000000002e-07,0.076,38
5925,7.248000000000002e-07,0.074,37
5926,7.252000000000003e-07,0.074,37
5927,7.256000000000003e-07,0.076,38
5928,7.260000000000003e-07,0.074,37
5929,7.263999999999999e-07,0.074,37
5930,7.268e-07,0.074,37
5931,7.272e-07,0.076,38
5932,7.276e-07,0.076,38
5933,7.280000000000001e-07,0.074,37
5934,7.284000000000001e-07,0.07200000000000001,36
5935,7.288000000000001e-07,0.074,37
5936,7.292000000000002e-07,0.074,37
5937,7.296000000000002e-07,0.074,37
5938,7.300000000000002e-07,0.076,38
5939,7.304000000000002e-07,0.074,37
5940,7.308000000000003e-07,0.076,38
5941,7.312000000000003e-07,0.074,37
5942,7.316000000000003e-07,0.076,38
5943,7.320000000000004e-07,0.076,38
5944,7.324e-07,0.076,38
5945,7.328e-07,0.076,38
5946,7.332e-07,0.076,38
5947,7.336000000000001e-07,0.076,38
5948,7.340000000000001e-07,0.074,37
5949,7.344000000000001e-07,0.074,37
5950,7.348000000000001e-07,0.076,38
5951,7.352000000000002e-07,0.074,37
5952,7.356000000000002e-07,0.076,38
5953,7.360000000000002e-07,0.074,37
5954,7.364000000000003e-07,0.074,37
5955,7.368000000000003e-07,0.074,37
5956,7.372000000000003e-07,0.074,37
5957,7.376000000000004e-07,0.076,38
5958,7.38e-07,0.076,38
5959,7.384e-07,0.074,37
5960,7.388e-07,0.076,38
5961,7.392000000000001e-07,0.074,37
5962,7.396000000000001e-07,0.07200000000000001,36
5963,7.400000000000001e-07,0.076,38
5964,7.404000000000001e-07,0.074,37
5965,7.408000000000002e-07,0.074,37
5966,7.412000000000002e-07,0.076,38
5967,7.416000000000002e-07,0.074,37
5968,7.420000000000003e-07,0.074,37
5969,7.424000000000003e-07,0.074,37
5970,7.428000000000003e-07,0.074,37
5971,7.432000000000004e-07,0.074,37
5972,7.436e-07,0.076,38
5973,7.44e-07,0.074,37
5974,7.444e-07,0.074,37
5975,7.448e-07,0.076,38
5976,7.452000000000001e-07,0.074,37
5977,7.456000000000001e-07,0.074,37
5978,7.460000000000001e-07,0.074,37
5979,7.464000000000002e-07,0.076,38
5980,7.468000000000002e-07,0.076,38
5981,7.472000000000002e-07,0.074,37
5982,7.476000000000003e-07,0.074,37
5983,7.480000000000003e-07,0.074,37
5984,7.484000000000003e-07,0.076,38
5985,7.488000000000004e-07,0.076,38
5986,7.492e-07,0.076,38
5987,7.496e-07,0.074,37
5988,7.5e-07,0.076,38
5989,7.504e-07,0.076,38
5990,7.508000000000001e-07,0.074,37
5991,7.512000000000001e-07,0.076,38
5992,7.516000000000001e-07,0.074,37
5993,7.520000000000002e-07,0.074,37
5994,7.524000000000002e-07,0.076,38
5995,7.528000000000002e-07,0.074,37
5996,7.532000000000003e-07,0.074,37
5997,7.536000000000003e-07,0.074,37
5998,7.540000000000003e-07,0.074,37
5999,7.544000000000003e-07,0.074,37
6000,7.548e-07,0.074,37
6001,7.552e-07,0.076,38
6002,7.556e-07,0.076,38
6003,7.56e-07,0.076,38
6004,7.564000000000001e-07,0.076,38
6005,7.568000000000001e-07,0.074,37
6006,7.572000000000001e-07,0.074,37
6007,7.576000000000002e-07,0.074,37
6008,7.580000000000002e-07,0.076,38
6009,7.584000000000002e-07,0.076,38
6010,7.588000000000003e-07,0.076,38
6011,7.592000000000003e-07,0.074,37
6012,7.596000000000003e-07,0.076,38
6013,7.600000000000003e-07,0.074,37
6014,7.604e-07,0.074,37
6015,7.608e-07,0.074,37
6016,7.612e-07,0.074,37
6017,7.616e-07,0.074,37
6018,7.620000000000001e-07,0.076,38
6019,7.624000000000001e-07,0.076,38
6020,7.628000000000001e-07,0.076,38
6021,7.632000000000002e-07,0.074,37
6022,7.636000000000002e-07,0.076,38
6023,7.640000000000002e-07,0.076,38
6024,7.644000000000003e-07,0.074,37
6025,7.648000000000003e-07,0.076,38
6026,7.652000000000003e-07,0.076,38
6027,7.656000000000003e-07,0.076,38
6028,7.66e-07,0.074,37
6029,7.664e-07,0.074,37
6030,7.668e-07,0.074,37
6031,7.672e-07,0.074,37
6032,7.676000000000001e-07,0.074,37
6033,7.680000000000001e-07,0.076,38
6034,7.684000000000001e-07,0.076,38
6035,7.688000000000002e-07,0.076,38
6036,7.692000000000002e-07,0.076,38
6037,7.696000000000002e-07,0.074,37
6038,7.700000000000003e-07,0.076,38
6039,7.704000000000003e-07,0.076,38
6040,7.708000000000003e-07,0.074,37
6041,7.712000000000003e-07,0.074,37
6042,7.716e-07,0.076,38
6043,7.72e-07,0.076,38
6044,7.724e-07,0.076,38
6045,7.728e-07,0.076,38
6046,7.732000000000001e-07,0.074,37
6047,7.736000000000001e-07,0.07200000000000001,36
6048,7.740000000000001e-07,0.074,37
6049,7.744000000000002e-07,0.074,37
6050,7.748000000000002e-07,0.074,37
6051,7.752000000000002e-07,0.076,38
6052,7.756000000000002e-07,0.076,38
6053,7.760000000000003e-07,0.076,38
6054,7.764000000000003e-07,0.074,37
6055,7.768000000000003e-07,0.076,38
6056,7.771999999999999e-07,0.07200000000000001,36
6057,7.776e-07,0.076,38
6058,7.78e-07,0.074,37
6059,7.784e-07,0.074,37
6060,7.788000000000001e-07,0.074,37
6061,7.792000000000001e-07,0.074,37
6062,7.796000000000001e-07,0.076,38
6063,7.800000000000002e-07,0.076,38
6064,7.804000000000002e-07,0.076,38
6065,7.808000000000002e-07,0.074,37
6066,7.812000000000002e-07,0.074,37
6067,7.816000000000003e-07,0.074,37
6068,7.820000000000003e-07,0.076,38
6069,7.824000000000003e-07,0.074,37
6070,7.827999999999999e-07,0.076,38
6071,7.832e-07,0.074,37
6072,7.836e-07,0.074,37
6073,7.84e-07,0.074,37
6074,7.844000000000001e-07,0.074,37
6075,7.848000000000001e-07,0.076,38
6076,7.852000000000001e-07,0.074,37
6077,7.856000000000002e-07,0.074,37
6078,7.860000000000002e-07,0.074,37
6079,7.864000000000002e-07,0.074,37
6080,7.868000000000002e-07,0.076,38
6081,7.872000000000003e-07,0.074,37
6082,7.876000000000003e-07,0.074,37
6083,7.880000000000003e-07,0.074,37
6084,7.884000000000004e-07,0.074,37
6085,7.888e-07,0.074,37
6086,7.892e-07,0.07200000000000001,36
6087,7.896e-07,0.074,37
6088,7.900000000000001e-07,0.074,37
6089,7.904000000000001e-07,0.076,38
6090,7.908000000000001e-07,0.078,39
6091,7.912000000000001e-07,0.074,37
6092,7.916000000000002e-07,0.076,38
6093,7.920000000000002e-07,0.074,37
6094,7.924000000000002e-07,0.07200000000000001,36
6095,7.928000000000003e-07,0.076,38
6096,7.932000000000003e-07,0.076,38
6097,7.936000000000003e-07,0.076,38
6098,7.940000000000004e-07,0.074,37
6099,7.944e-07,0.076,38
6100,7.948e-07,0.074,37
6101,7.952e-07,0.074,37
6102,7.956000000000001e-07,0.074,37
6103,7.960000000000001e-07,0.074,37
6104,7.964000000000001e-07,0.074,37
6105,7.968000000000001e-07,0.074,37
6106,7.972000000000002e-07,0.074,37
6107,7.976000000000002e-07,0.076,38
6108,7.980000000000002e-07,0.076,38
6109,7.984000000000003e-07,0.076,38
6110,7.988000000000003e-07,0.07200000000000001,36
6111,7.992000000000003e-07,0.074,37
6112,7.996000000000004e-07,0.074,37
6113,8e-07,0.074,37
6114,8.004e-07,0.076,38
6115,8.008e-07,0.074,37
6116,8.012000000000001e-07,0.074,37
6117,8.016000000000001e-07,0.076,38
6118,8.020000000000001e-07,0.076,38
6119,8.024000000000001e-07,0.076,38
6120,8.028000000000002e-07,0.076,38
6121,8.032000000000002e-07,0.074,37
6122,8.036000000000002e-07,0.076,38
6123,8.040000000000003e-07,0.074,37
6124,8.044000000000003e-07,0.074,37
6125,8.048000000000003e-07,0.074,37
6126,8.052000000000004e-07,0.074,37
6127,8.056e-07,0.074,37
6128,8.06e-07,0.074,37
6129,8.064e-07,0.074,37
6130,8.068e-07,0.074,37
6131,8.072000000000001e-07,0.074,37
6132,8.076000000000001e-07,0.074,37
6133,8.080000000000001e-07,0.07200000000000001,36
6134,8.084000000000002e-07,0.076,38
6135,8.088000000000002e-07,0.076,38
6136,8.092000000000002e-07,0.074,37
6137,8.096000000000003e-07,0.076,38
6138,8.100000000000003e-07,0.074,37
6139,8.104000000000003e-07,0.074,37
6140,8.108000000000004e-07,0.076,38
6141,8.112e-07,0.076,38
6142,8.116e-07,0.074,37
6143,8.12e-07,0.074,37
6144,8.124e-07,0.076,38
6145,8.128000000000001e-07,0.074,37
6146,8.132000000000001e-07,0.074,37
6147,8.136000000000001e-07,0.074,37
6148,8.140000000000002e-07,0.076,38
6149,8.144000000000002e-07,0.076,38
6150,8.148000000000002e-07,0.074,37
6151,8.152000000000003e-07,0.074,37
6152,8.156000000000003e-07,0.076,38
6153,8.160000000000003e-07,0.074,37
6154,8.164000000000003e-07,0.076,38
6155,8.168e-07,0.076,38
6156,8.172e-07,0.074,37
6157,8.176e-07,0.074,37
6158,8.18e-07,0.076,38
6159,8.184000000000001e-07,0.076,38
6160,8.188000000000001e-07,0.074,37
6161,8.192000000000001e-07,0.076,38
6162,8.196000000000002e-07,0.074,37
6163,8.200000000000002e-07,0.074,37
6164,8.204000000000002e-07,0.074,37
6165,8.208000000000003e-07,0.074,37
6166,8.212000000000003e-07,0.074,37
6167,8.216000000000003e-07,0.076,38
6168,8.220000000000003e-07,0.074,37
6169,8.224e-07,0.074,37
6170,8.228e-07,0.076,38
6171,8.232e-07,0.074,37
6172,8.236e-07,0.076,38
6173,8.240000000000001e-07,0.078,39
6174,8.244000000000001e-07,0.076,38
6175,8.248000000000001e-07,0.074,37
6176,8.252000000000002e-07,0.07200000000000001,36
6177,8.256000000000002e-07,0.076,38
6178,8.260000000000002e-07,0.074,37
6179,8.264000000000003e-07,0.074,37
6180,8.268000000000003e-07,0.076,38
6181,8.272000000000003e-07,0.076,38
6182,8.276000000000003e-07,0.074,37
6183,8.28e-07,0.076,38
6184,8.284e-07,0.076,38
6185,8.288e-07,0.074,37
6186,8.292e-07,0.074,37
6187,8.296000000000001e-07,0.074,37
6188,8.300000000000001e-07,0.074,37
6189,8.304000000000001e-07,0.074,37
6190,8.308000000000002e-07,0.076,38
6191,8.312000000000002e-07,0.076,38
6192,8.316000000000002e-07,0.076,38
6193,8.320000000000003e-07,0.078,39
6194,8.324000000000003e-07,0.074,37
6195,8.328000000000003e-07,0.076,38
6196,8.332000000000003e-07,0.074,37
6197,8.335999999999999e-07,0.076,38
6198,8.34e-07,0.076,38
6199,8.344e-07,0.076,38
6200,8.348e-07,0.074,37
6201,8.352000000000001e-07,0.074,37
6202,8.356000000000001e-07,0.076,38
6203,8.360000000000001e-07,0.074,37
6204,8.364000000000002e-07,0.074,37
6205,8.368000000000002e-07,0.074,37
6206,8.372000000000002e-07,0.074,37
6207,8.376000000000002e-07,0.074,37
6208,8.380000000000003e-07,0.074,37
6209,8.384000000000003e-07,0.076,38
6210,8.388000000000003e-07,0.078,39
6211,8.391999999999999e-07,0.074,37
6212,8.396e-07,0.076,38
6213,8.4e-07,0.074,37
6214,8.404e-07,0.074,37
6215,8.408000000000001e-07,0.074,37
6216,8.412000000000001e-07,0.074,37
6217,8.416000000000001e-07,0.074,37
6218,8.420000000000002e-07,0.076,38
6219,8.424000000000002e-07,0.074,37
6220,8.428000000000002e-07,0.076,38
6221,8.432000000000002e-07,0.076,38
6222,8.436000000000003e-07,0.074,37
6223,8.440000000000003e-07,0.076,38
6224,8.444000000000003e-07,0.074,37
6225,8.448000000000004e-07,0.076,38
6226,8.452e-07,0.074,37
6227,8.456e-07,0.074,37
6228,8.46e-07,0.074,37
6229,8.464000000000001e-07,0.074,37
6230,8.468000000000001e-07,0.07200000000000001,36
6231,8.472000000000001e-07,0.074,37
6232,8.476000000000002e-07,0.074,37
6233,8.480000000000002e-07,0.076,38
6234,8.484000000000002e-07,0.07200000000000001,36
6235,8.488000000000002e-07,0.074,37
6236,8.492000000000003e-07,0.074,37
6237,8.496000000000003e-07,0.074,37
6238,8.500000000000003e-07,0.076,38
6239,8.504000000000004e-07,0.074,37
6240,8.508e-07,0.076,38
6241,8.512e-07,0.074,37
6242,8.516e-07,0.074,37
6243,8.520000000000001e-07,0.074,37
6244,8.524000000000001e-07,0.074,37
6245,8.528000000000001e-07,0.076,38
6246,8.532000000000001e-07,0.074,37
6247,8.536000000000002e-07,0.074,37
6248,8.540000000000002e-07,0.074,37
6249,8.544000000000002e-07,0.074,37
